Artist,Track,Year,Month,Danceability,Energy,Key,Loudness,Mode,Speechiness,Acousticness,Instrumentalness,Liveness,Valence,Tempo,Followers,Popularity,Target
Lost - Live,artistname,2018,03,0.779,0.269,11,-13.536,0,0.0371,0.415,0.603,0.119,0.663,92.045,0,0,0
BULLET TO THE HEART,jackson wang,2019,09,0.789,0.452,1,-6.149,1,0.114,0.0728,0,0.0868,0.675,159.835,821745,73,0
Camelot,nle choppa,2019,09,0.787,0.713,7,-5.252,1,0.401,0.0849,0,0.717,0.762,175.041,529941,84,1
Dance Monkey,tones and i,2019,10,0.824,0.588,6,-6.4,0,0.0924,0.692,0.000104,0.149,0.513,98.027,231315,89,1
Prayed For You,matt stell,2019,10,0.6,0.698,9,-5.86,1,0.0355,0.0724,1.64e-06,0.113,0.57,140.032,11215,65,1
Start Wit Me (feat. Gunna),roddy ricch,2019,10,0.919,0.556,4,-6.049,0,0.164,0.0933,0,0.109,0.539,130.025,733173,84,1
Baby Shark,pinkfong,2017,07,0.825,0.84,7,-3.651,1,0.227,0.245,0,0.341,0.52,115.062,57632,71,1
Juicy,doja cat,2019,08,0.786,0.658,0,-2.61,1,0.0661,0.0856,0,0.0689,0.458,170.037,586953,82,0
Pisces,jinjer,2016,07,0.6,0.849,9,-5.788,0,0.0376,0.0174,0.00205,0.0745,0.257,140.002,195306,62,0
Best Shot,jimmie allen,2018,10,0.629,0.464,4,-8.72,1,0.0334,0.75,0,0.0853,0.523,156.051,42047,65,1
Act Up,city girls,2018,11,0.938,0.638,8,-4.713,1,0.189,0.0167,0,0.111,0.313,97.075,554639,77,1
Apocalypse,cigarettes after sex,2017,06,0.369,0.467,5,-9.018,1,0.0274,0.0194,0.46,0.109,0.174,94.473,1190974,77,0
The Sea of Tragic Beasts,fit for an autopsy,2019,10,0.233,0.931,9,-5.063,1,0.0866,1.08e-05,1.81e-06,0.117,0.152,134.987,69421,57,0
I Wish Grandpas Never Died,riley green,2019,09,0.445,0.492,6,-5.717,1,0.0294,0.036,0,0.122,0.24,148.013,75552,69,1
More Hearts Than Mine,ingrid andress,2019,04,0.413,0.428,0,-7.414,1,0.0296,0.111,0,0.114,0.391,79.985,12669,59,0
Love Talk - English Version,wayv,2019,11,0.751,0.719,6,-5.198,0,0.0373,0.142,0,0.148,0.437,98.01,301070,65,0
ROXANNE,arizona zervas,2019,10,0.621,0.601,6,-5.616,0,0.148,0.0522,0,0.46,0.457,116.735,91092,82,0
Noticed,lil mosey,2018,10,0.699,0.558,11,-7.622,1,0.0603,0.462,0,0.116,0.493,79.992,1159829,84,1
9 and Three Quarters (Run Away),tomorrow x together,2019,10,0.639,0.756,1,-4.42,1,0.0608,0.0055,0,0.13,0.532,128.937,886662,74,0
I Don't Love You,lindsay ell,2019,11,0.615,0.448,6,-5.093,1,0.0322,0.292,0,0.106,0.229,119.739,32112,58,0
WHO DO U LOVE?,monsta x,2019,06,0.782,0.637,10,-5.63,0,0.264,0.28,0,0.114,0.389,101.989,2033312,75,0
Worth It,yk osiris,2019,02,0.764,0.528,5,-4.082,0,0.0588,0.468,0,0.0811,0.422,123.936,465315,75,1
4 Letter Word,ant clemons,2019,10,0.877,0.435,4,-6.736,1,0.18,0.336,1.61e-06,0.068,0.692,94.979,2391,76,0
Moonlight,ali gatie,2018,08,0.804,0.479,11,-6.661,1,0.0321,0.494,0,0.0994,0.462,120.0,337571,82,1
I Hope,gabby barrett,2019,01,0.561,0.536,6,-6.227,1,0.0346,0.0951,0,0.114,0.378,150.014,28812,63,0
Envy Me,calboy,2019,05,0.74,0.488,1,-7.664,0,0.27,0.234,0,0.241,0.584,149.042,256025,73,1
Easy - Remix,danileigh,2019,05,0.799,0.301,7,-11.361,1,0.185,0.195,0,0.0816,0.511,100.026,224674,72,0
Soltera - Remix,lunay,2019,05,0.795,0.783,5,-4.271,1,0.0432,0.361,0,0.437,0.8,92.016,1001346,87,0
Crayola,9lokknine,2019,03,0.729,0.538,7,-9.63,1,0.152,0.0218,0,0.339,0.173,80.474,31279,78,0
Restroom Occupied,yella beezy,2019,07,0.713,0.684,6,-5.045,1,0.0557,0.0132,0,0.138,0.753,116.505,441205,69,1
broken,lovelytheband,2018,08,0.666,0.728,7,-5.808,1,0.0419,0.00175,4.26e-06,0.0429,0.51,122.996,182886,67,1
VALENTINO,24kgoldn,2019,01,0.745,0.718,9,-4.853,0,0.183,0.197,0,0.134,0.539,151.097,26798,75,0
3 Nights,dominic fike,2018,10,0.815,0.518,7,-6.594,0,0.0897,0.223,0,0.104,0.877,151.891,192419,78,0
Time,dj regard,2019,02,0.625,0.726,0,-3.899,1,0.0935,0.431,8.59e-05,0.104,0.224,97.005,2689,24,0
To a T,ryan hurd,2019,01,0.687,0.641,11,-5.814,1,0.03,0.17,0,0.111,0.663,120.04,62612,65,0
You Are The Reason,calum scott,2018,03,0.331,0.235,10,-7.7,1,0.0299,0.918,0,0.137,0.218,171.232,1752693,80,1
Uno,ambjaay,2019,05,0.978,0.477,8,-8.159,1,0.155,0.000143,0,0.133,0.196,110.002,27049,68,1
BOOM,nct dream,2019,07,0.914,0.516,5,-4.178,0,0.0918,0.131,0,0.0441,0.702,119.969,1858004,73,0
Dissolve,absofacto,2017,11,0.688,0.582,6,-10.668,0,0.0542,0.23,0.000157,0.0663,0.872,85.486,52235,65,0
Love Songs,kaash paige,2018,11,0.654,0.367,5,-10.203,1,0.0938,0.825,0.000505,0.106,0.489,119.986,10489,67,0
Last Supper,d smoke,2019,10,0.737,0.622,1,-9.268,1,0.315,0.169,0.00746,0.131,0.517,99.063,168092,67,0
Make You Mine,public,2019,08,0.606,0.799,9,-4.452,1,0.0261,0.0128,0,0.15,0.638,103.014,29044,67,0
Otro Trago - Remix,sech,2019,07,0.725,0.79,0,-2.331,1,0.197,0.0711,1.14e-06,0.0602,0.763,175.988,1655639,93,0
Crew (feat. Brent Faiyaz & Shy Glizzy),goldlink,2017,03,0.728,0.607,1,-8.417,0,0.132,0.133,0,0.0864,0.445,129.938,554208,76,0
Lalala,y2k,2019,06,0.843,0.391,2,-7.899,1,0.0845,0.181,0,0.137,0.496,129.972,102840,82,0
shining on my ex,bbno$,2019,11,0.645,0.487,4,-8.584,0,0.352,0.121,0,0.0931,0.618,88.893,318562,85,0
STUPID (feat. Yung Baby Tate),ashnikko,2019,07,0.772,0.637,2,-6.881,1,0.114,0.00459,0,0.0778,0.54,149.906,70071,72,0
Sigo Chambeando,fuerza regida,2018,12,0.819,0.48,5,-6.966,1,0.0489,0.685,2.03e-06,0.116,0.759,114.04,412318,75,0
A Great Design,black marble,2012,10,0.569,0.59,11,-11.182,1,0.0308,0.451,0.888,0.112,0.269,110.007,55864,56,0
I Miss Having Sex But At Least I Don't Wanna Die Anymore,waterparks,2019,10,0.614,0.833,8,-4.126,1,0.0641,0.0808,0,0.351,0.855,148.136,181758,68,0
Mountain at My Gates,foals,2015,08,0.495,0.931,2,-5.336,0,0.0469,0.0025,0.0783,0.246,0.617,104.05,952475,74,0
Nothing is Safe,clipping.,2019,10,0.921,0.514,2,-8.435,0,0.0703,0.0816,0.0498,0.0574,0.321,125.972,89610,58,0
like i need u,keshi,2018,11,0.748,0.465,5,-8.163,1,0.0869,0.399,0,0.294,0.412,119.872,156986,70,0
Time Will Tell - Live,the magpie salute,2017,06,0.653,0.649,0,-7.023,1,0.0386,0.0682,0.0122,0.699,0.566,139.101,17561,39,0
Most Events Aren't Planned,vida blue,2002,06,0.487,0.722,2,-9.624,1,0.0812,0.0226,0.191,0.0893,0.263,124.258,2886,30,0
Paul,big thief,2016,05,0.483,0.263,11,-11.541,1,0.0401,0.199,0.000306,0.109,0.166,123.453,173803,68,0
Might Be Right,white reaper,2019,05,0.595,0.86,1,-3.897,0,0.0332,0.00222,0.18,0.227,0.891,131.99,37603,55,0
Si Se Da - Remix,myke towers,2019,08,0.817,0.672,11,-5.612,0,0.299,0.441,0,0.13,0.774,93.999,666032,90,0
Cursed,gideon,2017,05,0.65,0.979,6,-3.778,1,0.07,0.00214,0,0.834,0.473,120.077,53869,53,0
Dreaming2 (feat. Tory Lanez),battles,2019,10,0.647,0.804,5,-5.517,0,0.325,0.133,0,0.163,0.657,163.988,331381,61,0
Wolf Totem,the hu,2019,09,0.557,0.718,8,-8.504,1,0.0415,0.0888,0.0511,0.661,0.49,172.039,140372,58,0
WONDERLAND,ateez,2019,10,0.572,0.964,4,-1.949,0,0.123,0.0503,0,0.372,0.519,129.979,376856,73,0
Red Nose,sage the gemini,2014,03,0.681,0.473,11,-5.733,0,0.449,0.414,0,0.0794,0.766,194.826,624647,71,1
YAKWTFGO,bia,2018,09,0.812,0.748,5,-5.959,0,0.139,0.00397,0,0.174,0.158,132.035,31711,71,0
Kill or Be Killed,spite,2017,07,0.34,0.986,11,-4.342,0,0.302,0.000531,3.81e-05,0.424,0.0795,185.005,31722,49,0
In Hell I'll Be in Good Company,the dead south,2014,04,0.772,0.235,7,-9.075,0,0.0479,0.753,0.00125,0.111,0.703,154.802,260276,63,0
B!g,pastor mike jr.,2019,05,0.308,0.855,1,-4.782,0,0.302,0.0199,0,0.183,0.523,189.503,689,35,0
UN Village,baekhyun,2019,07,0.674,0.589,6,-3.806,0,0.112,0.267,0,0.312,0.577,83.985,734303,64,0
Catamaran,allah-las,2012,09,0.564,0.846,4,-5.897,0,0.0437,0.00692,0.00175,0.0452,0.696,122.035,163078,61,0
Sinking Me,thousand below,2017,10,0.319,0.985,6,-3.146,1,0.105,6.62e-05,0.0101,0.322,0.331,164.814,31204,54,0
La La Land (feat. YG),bryce vine,2019,07,0.774,0.473,1,-5.122,0,0.0569,0.221,0,0.222,0.416,97.953,227086,76,1
Problems,a r i z o n a,2019,10,0.72,0.658,2,-7.414,1,0.0446,0.0329,0.0302,0.123,0.134,98.001,266406,74,0
Post Malone (feat. RANI),sam feldt,2019,05,0.59,0.642,7,-3.87,1,0.122,0.0771,0,0.105,0.651,107.356,430559,81,0
"Yo x Ti, Tu x Mi",rosalia,2019,08,0.78,0.759,1,-3.292,1,0.225,0.462,0.000868,0.143,0.579,91.952,1760814,85,0
Wrong,luh kel,2019,04,0.745,0.728,0,-3.39,1,0.0423,0.352,0,0.228,0.39,120.099,140926,75,0
Strange Love,simple creatures,2019,03,0.59,0.6,6,-7.251,1,0.0307,0.00943,0,0.123,0.389,91.964,57421,58,0
F.N,lil tjay,2019,10,0.567,0.515,6,-10.265,0,0.247,0.354,0,0.078,0.321,120.1,609959,86,1
Under the Sun,diiv,2016,02,0.552,0.851,2,-6.229,1,0.033,0.00143,0.774,0.131,0.938,154.962,217491,61,0
Deserted,gatecreeper,2019,10,0.212,0.917,11,-6.51,1,0.0571,3.22e-06,0.77,0.0901,0.139,132.337,21858,45,0
Double Knot,stray kids,2019,10,0.716,0.814,5,-2.889,0,0.35,0.0486,0,0.607,0.575,146.925,1511970,75,0
Tip of My Hat (Live),ghost town blues band,2018,02,0.799,0.73,0,-6.648,1,0.0414,0.29,9.74e-05,0.975,0.898,120.336,1374,24,0
The Loss Inside,flying colors,2019,10,0.477,0.924,2,-7.274,1,0.0434,0.000412,1.41e-05,0.393,0.585,145.977,36133,45,0
Pretty Girl,clairo,2017,08,0.93,0.611,0,-4.406,1,0.0415,0.593,0.00124,0.0592,0.695,112.127,762899,79,0
The Hammer,kublai khan tx,2017,09,0.299,0.905,6,-3.638,1,0.156,0.000272,0,0.376,0.616,163.368,40082,54,0
Bitchuary,shordie shordie,2018,12,0.762,0.383,5,-10.098,0,0.202,0.349,0,0.127,0.44,92.947,34110,67,0
Hold On,chord overstreet,2017,02,0.608,0.445,2,-9.551,1,0.055,0.497,0,0.0802,0.189,119.886,29363,66,0
Chicken Noodle Soup (feat. Becky G),j-hope,2019,09,0.826,0.817,2,-4.081,1,0.0921,0.00502,1.09e-05,0.294,0.168,97.053,2309190,71,0
Jopping,superm,2019,10,0.74,0.835,10,-3.425,0,0.0839,0.0139,0,0.857,0.535,123.024,264008,71,0
Away From The Mire,billy strings,2019,09,0.379,0.593,6,-9.113,0,0.0295,0.584,0.00547,0.122,0.511,143.207,34695,54,0
Adicto (with Anuel AA & Ozuna),tainy,2019,08,0.734,0.836,10,-4.803,0,0.0735,0.017,1.64e-05,0.179,0.623,80.002,42072,86,0
Ashley (feat. DaBaby),stunna 4 vegas,2019,05,0.884,0.807,8,-3.462,0,0.325,0.00284,0,0.111,0.916,144.018,69618,70,0
Buy My Own Drinks,runaway june,2019,06,0.686,0.9,5,-4.406,1,0.0614,0.068,0,0.0985,0.962,155.963,35493,58,1
Sleeptalk,dayseeker,2019,09,0.49,0.946,5,-3.563,0,0.118,0.0563,0,0.749,0.24,130.042,40553,57,0
BMO,ari lennox,2019,05,0.72,0.647,1,-5.411,0,0.0642,0.0116,0.000206,0.571,0.809,157.877,209651,73,0
There Will Be Blood,kim petras,2019,10,0.562,0.879,0,-4.733,0,0.0905,0.00119,1.81e-05,0.167,0.602,107.026,237977,73,0
Trampoline (with ZAYN),shaed,2019,09,0.619,0.459,7,-5.782,0,0.0334,0.56,0,0.137,0.498,126.803,68623,81,1
Bulletproof - Tangle Eye Mix,samantha fish,2019,09,0.67,0.554,7,-9.047,1,0.0344,0.0156,0.557,0.208,0.482,110.025,46770,46,0
Crazy Story,king von,2018,12,0.832,0.501,11,-8.885,1,0.456,0.0114,1.02e-05,0.0904,0.151,157.01,50473,64,0
See You Around,sleep on it,2016,10,0.456,0.95,5,-4.727,0,0.0719,0.000611,0.000321,0.103,0.542,126.044,25113,48,0
My Year,gashi,2019,09,0.84,0.811,11,-3.243,0,0.0498,0.213,0,0.258,0.71,145.025,107889,72,0
Highland Grace,hiss golden messenger,2016,10,0.681,0.319,3,-9.927,1,0.0395,0.649,5.7e-05,0.113,0.21,121.783,46234,59,0
Isis,joyner lucas,2019,05,0.918,0.837,1,-6.792,1,0.255,0.234,0,0.227,0.855,120.017,933362,79,0
Death Note,gnar,2019,06,0.762,0.709,11,-5.333,1,0.337,0.141,0,0.0798,0.537,174.041,153958,64,0
Rust,monolord,2017,09,0.27,0.45,11,-9.846,0,0.0359,0.00386,0.897,0.103,0.205,122.232,39423,45,0
fast,sueco the child,2019,09,0.861,0.599,7,-7.814,0,0.217,0.182,0.00855,0.102,0.527,100.026,35123,69,0
Flatlands,chelsea wolfe,2012,10,0.211,0.274,7,-14.899,0,0.031,0.595,0.318,0.0884,0.173,82.812,150355,56,0
War of Words,kxm,2019,09,0.438,0.99,8,-4.461,0,0.203,1.06e-05,0.00536,0.378,0.231,135.56,7817,28,0
Playing Games (with Bryson Tiller) - Extended Version,summer walker,2019,10,0.726,0.408,11,-6.606,0,0.0614,0.603,0,0.225,0.459,115.918,657316,86,1
Peach Scone,hobo johnson,2018,04,0.583,0.408,7,-9.125,1,0.564,0.65,0,0.309,0.612,74.738,414807,70,0
Always Focused,tiny moving parts,2014,09,0.404,0.766,1,-7.31,1,0.0325,0.00408,0.00101,0.109,0.528,142.846,77142,55,0
REDNECKER,hardy,2018,10,0.538,0.751,7,-5.472,1,0.0343,0.0506,9.52e-05,0.1,0.51,143.964,19407,66,0
FLASH,x1,2019,08,0.674,0.91,7,-2.898,0,0.0594,0.029,0,0.342,0.599,132.04,144994,64,0
Gretel,(sandy) alex g,2019,09,0.449,0.875,8,-6.172,1,0.041,0.118,0.469,0.29,0.43,140.078,94528,63,0
"Can You Feel the Love Tonight - From ""The Lion King"" / Soundtrack Version",joseph,1994,01,0.296,0.132,5,-19.311,1,0.0719,0.808,0,0.543,0.477,166.765,1153,63,0
Childchewer,infant annihilator,2019,09,0.454,0.985,6,-2.025,1,0.247,2.19e-06,0.889,0.289,0.278,130.1,111011,54,0
Dull,microwave,2016,09,0.58,0.574,8,-6.667,1,0.0326,0.0287,3.87e-05,0.187,0.414,147.073,46711,54,0
Blue Coupe,twin peaks,2018,02,0.597,0.864,5,-5.629,1,0.0271,0.261,0.0747,0.0973,0.55,130.079,106938,56,0
Forever Yours,grayscale,2017,05,0.496,0.614,1,-4.915,1,0.0293,0.114,0,0.116,0.517,76.028,41992,56,0
Daniel,bat for lashes,2009,01,0.593,0.658,8,-8.393,0,0.0364,0.0118,0.0204,0.137,0.422,135.053,272908,57,0
Proud Of U (feat. Young Thug),earthgang,2019,09,0.768,0.456,2,-8.676,1,0.354,0.0691,0,0.162,0.39,77.582,312260,76,0
Everybody Walkin' This Land,paul cauthen,2018,04,0.705,0.424,7,-8.459,1,0.0412,0.842,0.00501,0.204,0.357,96.056,23434,51,0
Glitter & Gold,barns courtney,2017,09,0.487,0.625,8,-5.112,1,0.0401,0.374,0,0.226,0.351,170.397,252513,68,0
Oye Mujer,raymix,2018,02,0.746,0.585,4,-5.937,0,0.0491,0.168,0,0.264,0.948,182.018,242794,68,0
Back to You (feat. Bebe Rexha & Digital Farm Animals),louis tomlinson,2017,07,0.683,0.53,5,-4.918,0,0.142,0.207,0,0.394,0.645,75.016,2621223,73,0
Hurt,witt lowry,2019,08,0.692,0.729,0,-8.261,1,0.418,0.317,0,0.293,0.327,129.896,339538,69,0
Low,wage war,2019,08,0.5,0.967,1,-3.218,1,0.0534,1.25e-05,6.16e-05,0.12,0.498,129.994,163097,65,0
I Wanna Dance with Somebody (Who Loves Me),whitney,1987,06,0.709,0.824,1,-8.824,1,0.0453,0.207,0.000307,0.0888,0.867,118.814,4745972,83,0
Hair Down (feat. Kendrick Lamar),sir,2019,08,0.804,0.509,8,-10.833,0,0.132,0.208,0.00011,0.314,0.472,120.074,211287,73,0
My Type,saint motel,2014,08,0.596,0.897,10,-2.94,1,0.0462,0.0641,5.24e-05,0.0628,0.578,118.0,329866,66,0
Velitas,darell,2019,07,0.819,0.596,2,-7.009,1,0.318,0.225,1.19e-06,0.138,0.622,165.951,735375,89,0
Toast,koffee,2019,03,0.906,0.638,10,-7.917,0,0.256,0.0342,1.7e-05,0.0725,0.789,99.959,119485,66,0
Change Ya Life,haiti babii,2018,12,0.696,0.399,4,-8.673,0,0.0369,0.0224,0,0.0747,0.364,98.004,11709,64,0
The Race,tay-k,2017,12,0.766,0.606,9,-6.064,1,0.456,0.00266,0,0.166,0.352,160.223,1640872,70,1
Blow My Mind,davido,2019,07,0.52,0.644,7,-7.09,0,0.0783,0.129,0.000235,0.107,0.6,103.646,242827,72,0
Stacy,quinn xcii,2019,06,0.761,0.551,8,-7.14,1,0.037,0.0889,0,0.0971,0.478,104.935,391192,78,0
Belleville,knocked loose,2019,08,0.271,0.961,5,-2.848,1,0.195,8.63e-05,2.78e-06,0.16,0.181,89.63,110717,60,0
Trap,saint jhn,2019,08,0.792,0.839,0,-2.887,1,0.0429,0.0862,0,0.194,0.354,116.985,189593,76,0
Sojourner (feat. J. Cole),rapsody,2018,10,0.773,0.622,1,-9.249,1,0.297,0.00447,0,0.287,0.474,81.194,126561,62,0
Kiss Somebody,morgan evans,2018,10,0.57,0.684,6,-7.054,1,0.0465,0.136,0,0.205,0.531,89.012,69815,64,1
Let Me Down Slowly,alec benjamin,2018,11,0.652,0.557,1,-5.714,0,0.0318,0.74,0,0.124,0.483,150.073,958477,81,0
CLOUT COBAIN | CLOUT CO13A1N,denzel curry,2018,07,0.794,0.448,10,-4.771,0,0.0539,0.591,0,0.109,0.588,120.055,1037984,77,0
Work This Time,king gizzard and the lizard wizard,2014,03,0.526,0.489,1,-6.249,0,0.22,0.153,0.103,0.135,0.53,113.913,405588,68,0
My Type,saweetie,2019,03,0.899,0.811,2,-6.294,1,0.258,0.000677,0,0.0672,0.587,105.038,468724,76,1
Bad Boy,red velvet,2018,01,0.714,0.736,2,-3.801,1,0.0457,0.191,0,0.0553,0.814,149.985,2698369,75,0
I Want You Around,snoh aalegra,2019,08,0.705,0.433,4,-9.706,1,0.204,0.388,0.134,0.0841,0.602,168.006,215373,70,0
Dior,pop smoke,2019,07,0.548,0.805,7,-5.732,1,0.351,0.212,0.000389,0.408,0.648,142.094,46573,68,0
Highwomen,the highwomen,2019,09,0.554,0.47,8,-6.604,0,0.0548,0.77,2.6e-06,0.106,0.346,95.598,51170,63,0
Barren and Breathless Macrocosm,shadow of intent,2019,08,0.256,0.988,2,-3.6,1,0.202,2.41e-05,0.371,0.724,0.0711,109.986,53403,53,0
Como Así (feat. CNCO),lali,2019,11,0.661,0.676,5,-6.377,1,0.139,0.134,1.68e-06,0.109,0.494,171.951,597999,67,0
Ruthless,oso oso,2019,08,0.724,0.269,5,-15.465,1,0.0456,0.388,0,0.0808,0.866,86.042,5640,53,0
Hallucinogenics,matt maeson,2019,04,0.549,0.653,0,-7.47,1,0.0503,0.457,0,0.0969,0.287,121.348,163917,70,0
Farther Along,josh garrels,2011,07,0.557,0.533,4,-6.114,0,0.03,0.0783,0.00955,0.413,0.157,92.999,154286,61,0
still feel.,half alive,2019,08,0.779,0.516,10,-6.467,0,0.0521,0.148,0,0.0492,0.715,120.026,252694,67,0
Supply & Demand,wilder woods,2019,08,0.492,0.804,8,-5.053,1,0.078,0.0273,1.55e-06,0.071,0.574,159.956,16971,52,0
One Two,ugly god,2019,08,0.876,0.519,2,-7.317,1,0.11,0.0995,0.000101,0.104,0.156,75.483,1627214,68,1
Money Ball,dame d.o.l.l.a.,2019,08,0.749,0.902,6,-5.113,0,0.146,0.282,0.00126,0.112,0.508,95.029,84900,57,0
Language I: Intuition,the contortionist,2014,09,0.33,0.735,5,-6.007,0,0.0375,0.0154,0.656,0.212,0.162,135.114,103249,52,0
Drunk Me,mitchell tenpenny,2018,12,0.499,0.797,2,-3.77,1,0.0554,0.199,0,0.0933,0.408,176.024,95875,70,1
BOOM,nct,2019,07,0.914,0.516,5,-4.178,0,0.0918,0.131,0,0.0441,0.702,119.969,1858004,73,0
"0 Sentimientos (Remix) [feat. Noriel, Darkiel, Lyan, Messiah & Baby Rasta]",jon z,2016,11,0.894,0.721,4,-5.829,0,0.258,0.155,0,0.154,0.392,107.963,1584699,77,0
Eloise,penny & sparrow,2019,08,0.597,0.4,7,-8.948,0,0.0423,0.741,0.000731,0.17,0.394,137.633,56563,60,0
Jealous,labrinth,2014,11,0.435,0.155,1,-8.948,1,0.046,0.873,0,0.107,0.0935,128.532,966161,82,0
July,noah cyrus,2019,07,0.708,0.186,9,-8.953,0,0.0422,0.868,0,0.0779,0.321,72.541,463677,79,0
Vagabond,caamp,2016,03,0.571,0.399,4,-11.919,1,0.0364,0.766,0.0146,0.0926,0.611,141.922,102654,69,0
ICY,itzy,2019,07,0.801,0.904,2,-2.819,1,0.0834,0.0324,3.1e-05,0.182,0.814,124.979,363112,69,0
The Worst In Me,bad omens,2016,08,0.43,0.945,11,-2.662,0,0.102,0.00109,5.5e-05,0.311,0.276,170.081,88313,56,0
One Kiss,sofia carson,2019,08,0.678,0.793,7,-4.479,1,0.0318,0.00154,0.205,0.0649,0.913,140.013,1861325,74,0
So Caught Up,the teskey brothers,2019,08,0.744,0.693,4,-6.563,0,0.0261,0.293,0.00056,0.305,0.896,99.048,103540,64,0
Bloodline,northlane,2019,08,0.514,0.964,6,-6.78,1,0.0992,8.3e-05,0.196,0.137,0.404,97.492,172164,60,0
Feelings,lauv,2019,09,0.694,0.466,9,-6.758,1,0.0384,0.0934,0,0.098,0.246,103.018,1894497,90,1
Lo Que Siento,cuco,2017,05,0.326,0.685,10,-5.576,1,0.179,0.503,0,0.427,0.409,86.882,804647,77,0
La Di Da,lennon stella,2018,11,0.689,0.679,7,-5.893,1,0.0517,0.195,0.00111,0.224,0.475,149.972,141860,82,0
Feathered Indians,tyler childers,2017,08,0.536,0.574,7,-6.705,1,0.0254,0.75,0.00277,0.105,0.877,87.194,278014,74,0
Turnin' Me Up,bj the chicago kid,2016,02,0.734,0.776,2,-4.193,1,0.0826,0.0406,0.193,0.0547,0.843,78.542,257387,70,0
Scars,i am they,2018,03,0.417,0.524,10,-6.6,1,0.0326,0.048,0,0.103,0.152,75.266,87281,58,0
Shooting Stars,bag raiders,2011,01,0.634,0.711,11,-6.187,1,0.0457,0.0933,0.0309,0.0823,0.451,124.962,164518,61,0
Ye,burna boy,2018,01,0.503,0.592,5,-5.923,0,0.444,0.0181,0.00014,0.169,0.344,201.85,248088,81,0
Imported (with 6LACK),jessie reyez,2019,04,0.726,0.636,7,-3.615,1,0.0496,0.199,0,0.111,0.362,111.097,521569,80,0
Sue Me,sabrina carpenter,2018,11,0.46,0.809,6,-5.415,1,0.326,0.0422,5.04e-05,0.138,0.609,157.184,2439402,78,0
Beg for Life,tomb mold,2019,07,0.295,0.93,0,-6.027,1,0.0821,0.00862,0.83,0.355,0.0761,126.531,13742,35,0
Joro,wizkid,2019,09,0.686,0.694,7,-3.693,0,0.257,0.253,0.000904,0.109,0.587,189.998,310250,79,0
Dot in the Sky,drab majesty,2017,01,0.517,0.946,8,-5.787,1,0.0332,0.0379,0.0154,0.261,0.483,114.984,48004,50,0
All My Happiness is Gone,purple mountains,2019,07,0.505,0.746,7,-7.793,1,0.0271,0.00165,0.0463,0.266,0.724,138.126,18069,50,0
Have You Ever Seen the Rain,paula nelson,2010,07,0.506,0.26,9,-11.831,1,0.0284,0.58,0.0241,0.103,0.188,101.121,932,48,0
Someone You Loved,lewis capaldi,2019,05,0.501,0.405,1,-5.679,1,0.0319,0.751,0,0.105,0.446,109.891,1545726,89,1
Ransom,lil tecca,2019,08,0.745,0.642,7,-6.257,0,0.287,0.0204,0,0.0658,0.226,179.974,1078880,89,1
Die Tonight,adam calhoun,2018,03,0.859,0.675,1,-6.683,1,0.142,0.038,0,0.105,0.183,99.941,95158,61,0
Admission,torche,2019,07,0.397,0.824,6,-4.647,0,0.0437,1.39e-06,0.736,0.409,0.252,119.965,37574,43,0
O Sleeper,"oh, sleeper",2018,02,0.476,0.186,7,-15.882,1,0.0337,0.401,8.68e-06,0.0836,0.0814,127.974,69715,45,0
White Gloves,khruangbin,2015,11,0.635,0.3,2,-13.957,0,0.0285,0.707,0.829,0.574,0.772,91.452,413896,69,0
Blood In The Cut,k.flay,2017,04,0.77,0.655,2,-5.369,1,0.0316,0.118,0.0234,0.125,0.639,129.964,282512,69,0
Sweet Chaos,day6,2019,10,0.335,0.937,11,-1.895,0,0.0737,0.00502,0,0.51,0.529,199.692,965346,73,0
Because I'm Awesome,the dollyrots,2007,03,0.584,0.849,0,-2.969,1,0.0284,1.76e-05,0.194,0.791,0.615,140.004,14323,38,0
Speechless (Full),naomi scott,2019,05,0.474,0.489,6,-7.625,0,0.0342,0.467,0,0.119,0.23,124.844,117916,71,0
Harvest Pyre,abbath,2019,07,0.287,0.962,6,-4.235,1,0.0605,3.7e-06,0.887,0.34,0.255,173.094,52398,41,0
Down To The River,the allman betts band,2019,06,0.787,0.532,7,-9.496,0,0.0261,0.487,0.00194,0.0953,0.789,98.384,3535,34,0
PUMPED UP KICKS,3teeth,2019,06,0.464,0.92,10,-5.673,0,0.0432,0.00143,0.114,0.343,0.266,91.04,29758,49,0
Premonition (feat. Earthgang & Cam O’bi),lute,2017,09,0.605,0.441,1,-7.85,1,0.458,0.698,0,0.0801,0.695,82.119,39794,67,0
Dispatch (feat. DaBaby),young nudy,2019,08,0.602,0.395,1,-8.752,0,0.289,0.127,0,0.109,0.335,81.468,291967,72,0
Evergreen,yebba,2017,10,0.618,0.321,2,-7.396,1,0.0543,0.456,0.000659,0.052,0.541,72.954,80669,72,0
Lucha Bros,westside gunn,2019,11,0.45,0.629,2,-7.814,1,0.171,0.452,0.002,0.36,0.464,78.439,45764,60,0
This Will Be the Day (feat. Casey Lee Williams),jeff williams,2013,12,0.419,0.933,2,-4.91,0,0.215,0.0033,0.000102,0.297,0.453,94.432,68701,64,0
Krigsgaldr,heilung,2018,01,0.624,0.597,0,-10.542,1,0.049,0.0992,0.778,0.108,0.084,119.964,119599,55,0
El Viajero,mariachi herencia de mexico,2018,05,0.468,0.595,0,-4.977,1,0.0319,0.283,0,0.0757,0.618,88.826,1111,21,0
Friends,chase atlantic,2015,02,0.422,0.609,11,-6.361,0,0.0335,0.0114,4.76e-06,0.108,0.0911,107.34,348928,70,0
Find Yourself,lukas nelson & promise of the real,2014,11,0.784,0.384,8,-9.295,1,0.0536,0.271,0.00193,0.0687,0.837,133.149,52245,54,0
Symphony,switch,2019,02,0.688,0.691,8,-6.3,1,0.0439,0.217,0,0.104,0.618,120.083,6329,50,0
Cold Little Heart - Radio Edit,michael kiwanuka,2017,02,0.629,0.58,7,-6.208,0,0.0278,0.357,0.000353,0.436,0.655,110.264,647193,75,0
Out Loud,scarypoolparty,2018,09,0.52,0.594,1,-7.255,1,0.0353,0.756,0.0223,0.267,0.422,98.479,62999,48,0
The Git Up,blanco brown,2019,10,0.847,0.678,9,-8.635,1,0.109,0.0669,0,0.274,0.811,97.984,59335,72,1
"February 28, 2016",koe wetzel,2017,03,0.507,0.564,7,-6.652,1,0.0291,0.0758,0,0.413,0.328,82.493,79702,66,0
Purgatorium,awake at last,2017,05,0.369,0.891,7,-7.286,0,0.138,9.37e-05,0.000366,0.203,0.113,145.072,8487,41,0
Colors,black pumas,2019,06,0.391,0.692,1,-6.543,0,0.0462,0.0946,1.58e-05,0.191,0.56,180.008,52803,58,0
A More Perfect Union,titus andronicus,2010,03,0.154,0.848,0,-5.093,1,0.0507,0.142,0.00102,0.395,0.241,175.848,44994,43,0
EX,kiana lede,2018,07,0.763,0.537,9,-7.018,0,0.246,0.231,0,0.109,0.426,73.51,366826,72,0
18 Wheeler (feat. Pusha T),benny the butcher,2019,06,0.512,0.733,2,-7.8,0,0.244,0.00203,0.000253,0.349,0.739,75.356,33248,60,0
Mr. Invisible,thank you scientist,2016,07,0.492,0.921,1,-2.99,1,0.0806,0.0106,0.00113,0.0676,0.545,123.521,64092,50,0
Sure,hatchie,2018,02,0.389,0.79,2,-5.691,1,0.035,0.000957,0.0018,0.397,0.371,94.896,26821,48,0
Four Loko,lil phag,2018,07,0.767,0.784,9,-3.058,1,0.127,0.278,0,0.121,0.335,159.933,48129,50,0
Drunk II,mannequin pussy,2019,06,0.473,0.958,7,-3.67,1,0.0372,4.11e-05,0.425,0.0793,0.47,136.022,23716,47,0
Nayhoo,chon,2017,06,0.812,0.567,1,-7.119,0,0.083,0.539,0,0.11,0.616,124.945,188195,58,0
False Confidence,noah kahan,2019,06,0.414,0.663,6,-7.77,1,0.0456,0.163,0,0.138,0.33,108.98,162534,75,0
Build My Life,pat barrett,2018,07,0.431,0.591,8,-6.198,1,0.0298,0.112,0,0.129,0.274,144.012,22542,61,0
California (Cast Iron Soul),jamestown revival,2014,09,0.455,0.798,9,-5.379,1,0.0389,0.153,0,0.0911,0.459,161.813,54567,55,0
Fever,gfriend,2019,07,0.764,0.836,1,-2.868,1,0.0396,0.208,0,0.234,0.51,111.934,706784,66,0
ABG,quando rondo,2018,05,0.722,0.81,5,-3.395,1,0.373,0.482,0,0.0954,0.937,176.108,655096,73,0
Church (Take Me Back),cochren & co.,2018,11,0.574,0.688,11,-6.027,1,0.0396,0.192,0,0.185,0.461,90.071,3140,51,0
You,nicole bus,2018,12,0.319,0.768,11,-4.708,0,0.0722,0.0613,0,0.0904,0.367,176.448,14243,50,0
Butterflies,gabbie hanna,2019,05,0.707,0.355,5,-8.055,0,0.0669,0.241,0,0.112,0.289,77.494,301912,62,0
Mr. Clean,yung gravy,2018,05,0.758,0.701,9,-6.053,1,0.162,0.685,6.22e-06,0.114,0.626,106.74,623120,79,0
Honeybody,kishi bashi,2016,09,0.393,0.408,5,-9.779,1,0.0393,0.776,0.156,0.113,0.508,75.222,128028,59,0
Angus McFife,gloryhammer,2013,04,0.495,0.961,0,-3.599,1,0.0356,0.000229,3.97e-06,0.338,0.659,90.015,87209,58,0
Joyriding,frank iero,2014,08,0.49,0.837,6,-5.683,1,0.0658,0.000107,0.00326,0.0746,0.421,90.0,142643,50,0
Do You Love Her Now,jai paul,2019,06,0.71,0.336,2,-11.001,1,0.0462,0.542,0.0204,0.114,0.34,80.002,109624,57,0
Tangerine Honey,frankie moreno,2012,09,0.622,0.758,0,-3.936,1,0.0628,0.0102,0,0.974,0.497,88.354,501,14,0
Yer Killin' Me,remo drive,2017,03,0.396,0.718,0,-6.794,0,0.0814,0.00217,0.00077,0.332,0.366,165.272,67779,55,0
Letter to Madeline,ian noe,2019,05,0.615,0.472,5,-8.638,0,0.0312,0.125,0,0.115,0.46,107.217,11862,50,0
Distance (feat. Issa Gold & Erick The Architect),beast coast,2019,05,0.784,0.606,2,-7.726,1,0.125,0.003,0,0.101,0.267,118.965,58839,63,0
Pop Out (feat. Lil Tjay),polo g,2019,06,0.772,0.639,1,-7.119,1,0.467,0.15,0,0.0698,0.261,168.112,560607,81,0
Money Man Perry,money man,2019,05,0.815,0.645,5,-8.352,0,0.18,0.0498,0,0.135,0.481,127.997,146096,66,0
You,jacquees,2018,09,0.735,0.453,8,-8.264,0,0.0602,0.413,0,0.104,0.335,115.002,1391365,78,1
Medicine,queen naija,2018,06,0.741,0.37,8,-8.437,0,0.324,0.24,0,0.118,0.13,116.06,1163733,70,1
Come Around,collie buddz,2007,07,0.497,0.786,1,-6.05,0,0.322,0.0144,0,0.638,0.736,152.982,253331,64,0
Wait For You - The Voice Performance,maelyn jarmon,2019,05,0.536,0.642,4,-6.53,1,0.0362,0.552,2.4e-05,0.157,0.367,154.848,2554,32,0
Hurricane,laine hardy,2018,05,0.707,0.539,7,-6.203,1,0.0282,0.13,0,0.0956,0.421,128.011,33087,46,0
Beasto Blanco,beasto blanco,2013,10,0.475,0.984,10,-2.99,0,0.062,2.81e-05,0.639,0.056,0.497,148.002,4271,28,0
Got You,amyl and the sniffers,2019,05,0.659,0.76,1,-4.26,1,0.0596,0.00231,0.0141,0.0826,0.647,94.087,30598,48,0
Low Key (feat. Tyga),ally brooke,2019,01,0.79,0.546,6,-5.553,0,0.0383,0.369,2.55e-06,0.128,0.748,109.014,254593,64,0
Are You With Me Now?,cate le bon,2013,11,0.608,0.636,0,-7.712,1,0.0258,0.00317,0.0195,0.127,0.708,141.628,47389,53,0
Candlelight,zhavia ward,2018,07,0.511,0.542,2,-7.398,1,0.336,0.387,0,0.181,0.439,134.907,352072,72,0
Body Language,gyth rigdon,2016,04,0.529,0.621,9,-4.494,0,0.0309,0.186,1.03e-06,0.106,0.44,142.077,4376,35,0
BOOM,nct 127,2019,07,0.914,0.516,5,-4.178,0,0.0918,0.131,0,0.0441,0.702,119.969,1858004,73,0
Rural Route Raising - The Voice Performance,andrew sevener,2019,05,0.353,0.739,6,-4.842,1,0.035,0.0151,0,0.239,0.454,171.989,1259,23,0
Been Here Before,"christone ""kingfish"" ingram",2019,05,0.675,0.344,9,-9.056,1,0.0301,0.708,4.91e-06,0.105,0.237,123.211,33399,45,0
Here Without You - The Voice Performance,dexter roberts,2019,05,0.452,0.532,10,-5.112,0,0.0278,0.461,0,0.146,0.46,143.996,1778,20,0
Burning Myrrh,full of hell,2019,05,0.192,0.885,5,-5.918,0,0.124,1.31e-05,0.00113,0.261,0.0595,114.391,33647,41,0
Not Losing You,maddie poppe,2019,05,0.424,0.289,0,-5.092,1,0.0328,0.847,0,0.329,0.325,139.445,36395,51,0
The Show Must Go on Prt. 1,famous last words,2013,04,0.431,0.867,5,-3.771,0,0.0475,0.00133,4.77e-05,0.522,0.31,135.087,78813,48,0
Dip (#thewoah),tisakorean,2018,10,0.833,0.419,8,-8.927,1,0.63,0.0813,0,0.191,0.489,133.12,11924,62,0
Hot Girl Summer (feat. Nicki Minaj & Ty Dolla $ign),megan thee stallion,2019,08,0.872,0.814,0,-4.568,1,0.155,0.00485,1.96e-06,0.214,0.57,98.985,505715,81,1
Better - Remix,titus showers,2019,05,0.379,0.715,10,-3.531,1,0.0745,0.0161,0,0.151,0.279,145.607,108,25,0
Our Apartment,aaron west and the roaring twenties,2014,07,0.454,0.66,7,-6.028,1,0.0406,0.646,0,0.188,0.314,140.715,26716,45,0
I Don't Mind,defeater,2011,01,0.782,0.329,10,-10.347,1,0.0368,0.231,5.94e-06,0.107,0.434,91.523,81491,45,0
Peace Sign,natewantstobattle,2017,05,0.465,0.962,5,-3.483,0,0.0987,0.00215,0,0.286,0.795,200.056,239116,67,0
Capacity,charly bliss,2019,05,0.64,0.643,1,-5.836,0,0.0277,0.000857,6.37e-06,0.129,0.699,110.009,32224,49,0
Wanderlust,arch / matheos,2019,04,0.479,0.931,1,-4.887,0,0.0831,0.00263,0,0.156,0.408,93.487,3359,26,0
LSD (feat. Chance The Rapper),jamila woods,2017,08,0.828,0.668,0,-8.248,1,0.196,0.645,0,0.165,0.598,129.981,106376,58,0
City Music,kevin morby,2017,06,0.509,0.469,7,-7.103,1,0.0336,0.242,0.151,0.11,0.62,122.441,138235,61,0
Ants,tank and the bangas,2019,03,0.445,0.612,5,-7.623,0,0.21,0.474,7e-05,0.125,0.41,171.444,112498,48,0
Te Quemaste,manuel turizo,2019,08,0.729,0.773,0,-2.486,1,0.131,0.611,0.00106,0.287,0.718,176.053,4662854,87,0
Undrunk,fletcher,2019,08,0.613,0.579,5,-6.484,1,0.0833,0.489,0,0.126,0.551,91.863,148128,71,1
Backin' It Up (feat. Cardi B),pardison fontaine,2018,09,0.796,0.68,10,-4.853,0,0.353,0.0886,0,0.268,0.565,164.932,129630,61,0
7,catfish and the bottlemen,2016,05,0.531,0.711,10,-4.933,1,0.0398,0.000204,0.00291,0.108,0.279,155.068,743957,72,0
Peach,kevin abstract,2019,04,0.646,0.681,7,-5.847,1,0.0764,0.683,4.84e-06,0.107,0.421,131.896,346590,68,0
Punk Rock Saved My Life,cokie the clown,2019,04,0.488,0.445,6,-8.328,0,0.0524,0.154,0,0.138,0.26,89.436,4583,28,0
Come For Me,new years day,2019,04,0.403,0.96,4,-2.708,0,0.0996,4.99e-05,0.0268,0.155,0.541,184.266,179557,54,0
"Hey, Are You Listening?",starflyer 59,2019,04,0.747,0.8,6,-5.231,0,0.0299,0.104,0.462,0.0968,0.861,109.026,11097,34,0
Frost (C),sunn 0))),2019,10,0.0755,0.0167,5,-11.802,1,0.0477,0.162,0.671,0.118,0.0334,75.151,79244,43,0
Catch Me I’m Falling,kelly finnigan,2018,09,0.318,0.371,11,-7.862,0,0.0306,0.645,1.97e-06,0.157,0.262,91.998,4153,39,0
Lottery,jade bird,2019,04,0.609,0.584,2,-4.38,1,0.0359,0.0861,0,0.102,0.622,105.026,94706,61,0
1.618,allegaeon,2014,06,0.468,0.984,6,-3.763,0,0.12,7.63e-05,0.000806,0.196,0.356,133.964,41114,43,0
Let You Love Me,rita ora,2018,09,0.531,0.854,10,-3.149,1,0.198,0.288,0,0.0773,0.456,94.419,5063108,83,0
Upgrades,secret band,2019,04,0.311,0.994,11,-3.449,0,0.22,0.000283,0.813,0.394,0.0605,113.202,17675,40,0
Celengan Rindu,fiersa besari,2014,05,0.636,0.536,9,-7.646,1,0.0432,0.105,0,0.135,0.661,116.878,866919,72,0
Ballin' (with Roddy Ricch),mustard,2019,06,0.809,0.545,7,-6.678,1,0.0735,0.392,0,0.151,0.244,97.008,498372,83,0
Runaway,sebastian yatra,2019,06,0.756,0.851,2,-3.33,1,0.0674,0.0336,0,0.126,0.934,75.014,9288009,88,0
T.I.B.W.F.,the budos band,2005,11,0.674,0.607,1,-7.76,1,0.057,0.0124,0.87,0.147,0.712,77.845,92027,51,0
Hate the Way You Love Me,john paul white,2016,08,0.45,0.206,4,-13.414,1,0.0298,0.695,0,0.119,0.248,75.932,23754,51,0
Truth Hurts,lizzo,2019,05,0.715,0.624,4,-3.046,0,0.114,0.11,0,0.123,0.412,158.087,1488950,88,1
For the Dancing and the Dreaming,peter hollens,2017,06,0.306,0.307,9,-9.314,1,0.0374,0.876,0,0.114,0.267,96.374,226857,62,0
Let the Redeemed,josh baldwin,2019,07,0.461,0.848,9,-4.947,1,0.035,0.11,1.37e-05,0.22,0.726,159.974,22049,57,0
Hurricane,the band of heathens,2016,01,0.362,0.421,7,-8.824,1,0.0437,0.39,0,0.0971,0.356,64.763,49197,54,0
Your Dog,soccer mommy,2018,03,0.652,0.669,11,-7.797,0,0.0262,0.122,0.00039,0.169,0.769,115.047,95903,57,0
Kids,pup,2019,04,0.492,0.964,8,-3.475,1,0.0729,0.00046,0.00582,0.434,0.703,157.036,128977,60,0
One Night Standards,ashley mcbryde,2019,08,0.54,0.694,5,-4.456,1,0.0296,0.0241,0.0092,0.0971,0.613,78.017,45262,57,0
Andromeda,weyes blood,2019,04,0.463,0.462,1,-7.94,0,0.0272,0.367,0.0012,0.356,0.189,131.273,81531,61,0
Ass Like That,victoria monet,2019,10,0.664,0.691,7,-8.451,1,0.194,0.0888,0.000592,0.174,0.637,80.001,101925,67,0
The Failsafe Fallacy,enterprise earth,2019,04,0.505,0.982,10,-6.031,1,0.0902,1.69e-05,0.526,0.146,0.0726,107.996,35689,42,0
Paid In Full,safe,2019,04,0.752,0.64,10,-4.758,1,0.293,0.393,0,0.175,0.647,152.946,139693,63,0
The High Road,molly tuttle,2019,04,0.635,0.371,10,-7.915,1,0.0297,0.662,2.04e-05,0.114,0.312,97.768,16030,51,0
No L's,hit-boy,2019,07,0.868,0.583,9,-4.167,1,0.25,0.115,3.03e-06,0.0634,0.436,160.013,16257,70,0
U Say (feat. 6LACK),the bonfyre,2019,07,0.625,0.561,5,-6.653,0,0.0644,0.019,0,0.31,0.243,126.088,8518,56,0
Kill This Love,blackpink,2019,04,0.738,0.861,2,-4.141,1,0.237,0.32,0.00175,0.325,0.58,131.974,9567585,82,1
Lost Without You,freya ridings,2019,07,0.386,0.136,6,-9.267,1,0.0458,0.932,0,0.0653,0.0976,67.016,162295,74,0
All Night,astro,2019,01,0.573,0.77,11,-4.622,0,0.186,0.234,0,0.11,0.576,150.065,751150,61,0
Are You Bored Yet? (feat. Clairo),wallows,2019,03,0.682,0.683,8,-6.444,0,0.0287,0.156,2.32e-05,0.273,0.64,120.023,469055,74,0
100 Bad Days,ajr,2019,04,0.626,0.639,10,-5.62,1,0.085,0.0465,0,0.161,0.638,144.009,1015472,79,1
gogobebe,mamamoo,2019,03,0.704,0.787,0,-3.114,1,0.082,0.114,0,0.228,0.707,96.929,1269672,72,0
Such Small Hands,la dispute,2018,11,0.648,0.732,5,-5.194,1,0.0821,0.225,0.00132,0.0682,0.324,159.882,221413,55,0
Tough Enough,ex hex,2019,03,0.608,0.838,9,-5.101,1,0.0383,0.0222,0.000167,0.134,0.865,139.991,23797,35,0
The End Of Love,the end machine,2018,06,0.254,0.0877,6,-9.996,1,0.0382,0.805,2.9e-05,0.137,0.0907,68.991,1938,18,0
Back Water Blues,ally venable,2018,04,0.586,0.61,7,-8.808,1,0.0457,0.0366,0.00989,0.255,0.805,119.954,583,20,0
Au DD,pnl,2019,04,0.777,0.698,6,-7.706,0,0.0704,0.293,2.32e-05,0.0908,0.119,119.963,2441440,79,0
Weird Ways,strand of oaks,2019,03,0.263,0.503,6,-6.948,0,0.0386,0.0148,0.0171,0.11,0.255,112.019,33710,44,0
Big Homie,peezy,2019,08,0.812,0.569,5,-8.228,1,0.111,0.229,0,0.0823,0.336,110.146,183488,58,0
Panini,lil nas x,2019,06,0.703,0.594,5,-6.146,0,0.0752,0.342,0,0.123,0.475,153.848,1683926,87,1
Whiskey Glasses,morgan wallen,2018,04,0.614,0.68,6,-4.58,1,0.0289,0.369,1.84e-06,0.115,0.707,149.959,301918,79,1
Corner Painter,tal wilkenfeld,2019,03,0.256,0.499,11,-11.432,1,0.0487,0.214,0.11,0.082,0.202,169.695,33816,35,0
Body,loud luxury,2017,10,0.752,0.764,1,-4.399,1,0.038,0.0476,9.44e-05,0.0543,0.582,121.958,205983,77,0
Stfu,42 dugg,2018,06,0.735,0.829,0,-4.244,1,0.263,0.141,0,0.212,0.545,98.974,14353,49,0
"Blood And Rockets: Movement I, Saga Of Jack Parsons - Movement II, Too The Moon",claypool lennon delirium,2019,02,0.529,0.626,0,-4.487,0,0.0262,0.0342,0.503,0.0964,0.326,81.985,72349,48,0
Why God,austin french,2018,09,0.436,0.405,0,-6.275,1,0.0289,0.374,0,0.0941,0.312,153.994,24394,53,0
Dylan Thomas,better oblivion community center,2019,01,0.592,0.805,2,-7.995,1,0.0371,0.000128,0.000211,0.0916,0.505,116.072,41948,55,0
HUMBLE.,our last night,2017,08,0.539,0.903,2,-6.038,1,0.0389,9.81e-05,0.176,0.149,0.445,150.028,523646,69,0
Make It Right,the coathangers,2016,04,0.437,0.806,8,-6.372,1,0.0303,2.78e-05,9.34e-05,0.298,0.588,92.047,36216,38,0
Aquatic,sigrid,2019,10,0.26,0.0166,0,-22.356,0,0.052,0.98,0.846,0.115,0.199,179.921,412021,70,0
Rise Up,andra day,2015,08,0.398,0.316,1,-7.031,1,0.0368,0.805,0,0.295,0.174,118.582,253527,63,0
Blood of Heroes,tyr,2013,09,0.548,0.918,4,-5.73,0,0.0545,3.53e-05,0.0286,0.0797,0.28,107.977,124906,53,0
Is It Any Wonder?,durand jones & the indications,2018,03,0.541,0.378,2,-6.283,0,0.0296,0.636,0.594,0.0899,0.401,136.94,68957,56,0
New Salem,misery index,2019,03,0.329,0.933,1,-4.336,1,0.0552,3.47e-06,4.09e-06,0.059,0.261,104.676,31795,38,0
Wanna go back,park bom,2019,10,0.366,0.671,7,-4.823,0,0.0508,0.0255,1.73e-05,0.314,0.191,143.365,48874,54,0
Be Alright,dean lewis,2018,06,0.553,0.586,11,-6.319,1,0.0362,0.697,0,0.0813,0.443,126.684,823811,82,1
Cross Off,mark morton,2019,01,0.532,0.935,2,-5.102,1,0.129,0.0001,0,0.0989,0.325,131.997,27374,50,0
Who Do You Love,marianas trench,2015,10,0.682,0.714,2,-7.511,1,0.0534,0.122,0,0.224,0.56,106.989,298646,63,0
Stick 'Em Up,masked intruder,2012,08,0.659,0.933,11,-5.329,0,0.0541,0.00292,0.000133,0.104,0.667,102.981,25512,45,0
Crossfire,reese wynans,2019,01,0.604,0.788,10,-5.272,0,0.0267,0.00308,0.146,0.0614,0.859,111.093,1511,28,0
Maniac,conan gray,2019,10,0.623,0.647,8,-5.438,1,0.04,0.00122,0,0.354,0.522,107.987,572234,75,0
Gucci Flip Flops (feat. Lil Yachty),bhad bhabie,2018,09,0.82,0.603,8,-7.18,1,0.308,0.0351,0.0159,0.122,0.177,159.976,1718725,71,1
Saw You In A Dream,the japanese house,2017,06,0.605,0.446,4,-8.244,1,0.028,0.0729,0,0.149,0.685,94.044,312201,66,0
Ghost,badflower,2019,02,0.505,0.839,11,-4.966,0,0.0569,0.0111,0,0.211,0.326,139.961,101277,62,0
The Moment You Believe,eliot morris,2006,01,0.402,0.873,0,-5.317,1,0.0562,0.000781,0,0.123,0.482,155.147,832,9,0
Lost in the Fire (feat. The Weeknd),gesaffelstein,2019,03,0.658,0.671,2,-12.21,1,0.0363,0.0933,0.000927,0.115,0.166,100.966,289916,68,0
Landslide,last in line,2019,02,0.342,0.908,3,-3.699,0,0.0864,0.000313,0.000808,0.232,0.419,146.061,8504,27,0
11 Minutes (with Halsey feat. Travis Barker),yungblud,2019,02,0.464,0.852,11,-3.804,1,0.067,0.0116,0,0.108,0.233,160.075,534457,80,0
"Smile (Living My Best Life) (feat. Snoop Dogg, Ball Greezy & Midnight Star)",lil' duval,2018,07,0.874,0.727,8,-7.689,1,0.0777,0.09,5.83e-06,0.0759,0.427,98.97,54362,49,0
Burning Bridges,delain,2019,09,0.374,0.948,6,-5.94,0,0.119,2.5e-05,0.0677,0.122,0.192,160.024,148543,55,0
Reckless Love,cory asbury,2018,01,0.572,0.685,6,-7.29,1,0.0356,0.0291,0,0.0963,0.232,110.698,156164,64,0
The Difference,tyler rich,2019,03,0.538,0.755,9,-5.22,1,0.0532,0.097,0,0.11,0.697,169.811,20348,59,0
Reckless Driving,albee al,2019,02,0.911,0.456,1,-5.773,1,0.191,0.0376,0.000859,0.0887,0.102,125.065,10989,45,0
Sweet but Psycho,ava max,2018,08,0.719,0.704,1,-4.724,1,0.0476,0.0691,0,0.166,0.628,133.002,818840,83,1
The Love That We Need,hayes carll,2016,04,0.369,0.365,4,-9.869,1,0.0451,0.708,0.0343,0.108,0.222,181.019,67248,52,0
Stand Out Fit In,one ok rock,2019,02,0.615,0.841,11,-5.352,1,0.0416,0.0178,0,0.133,0.316,126.026,2442582,74,0
Pope,copeland,2019,02,0.393,0.449,7,-10.583,0,0.0371,0.71,0.00104,0.13,0.227,111.73,71675,47,0
Every Single Thing,homeshake,2017,02,0.816,0.255,6,-10.016,0,0.0416,0.774,0.00684,0.114,0.323,89.922,237936,62,0
Lebanon,j.s. ondara,2019,02,0.819,0.143,0,-10.711,1,0.0404,0.564,3.15e-05,0.111,0.486,109.24,24302,50,0
Apollo,crystal lake,2019,02,0.293,0.96,1,-5.094,1,0.121,7.49e-05,0.000196,0.0954,0.177,98.059,55673,49,0
Wanna Be,betty who,2017,03,0.665,0.715,4,-4.887,1,0.0518,0.09,0,0.14,0.379,98.967,194853,65,0
Lose It,swmrs,2016,10,0.792,0.41,5,-10.141,1,0.0492,0.334,2.19e-05,0.106,0.561,112.043,107401,57,0
Cautious,emarosa,2019,02,0.534,0.909,10,-4.264,1,0.0512,0.0142,1.05e-06,0.0698,0.532,89.99,180026,58,0
Maybe It's Ok,we are messengers,2019,03,0.509,0.712,1,-6.097,1,0.0331,0.119,0,0.0831,0.489,138.005,81715,55,0
Postcards from Italy,beirut,2006,05,0.621,0.569,5,-7.318,1,0.0297,0.928,0.0356,0.115,0.402,110.022,738650,64,0
Blind and Frozen,beast in black,2017,11,0.508,0.957,2,-6.238,1,0.0546,2.68e-05,5.15e-05,0.125,0.532,145.992,67786,60,0
S.O.S. (Sawed Off Shotgun),the glorious sons,2017,10,0.568,0.961,9,-2.182,1,0.065,0.00428,0,0.138,0.924,148.126,90906,62,0
"Back, Baby",jessica pratt,2015,01,0.449,0.255,3,-11.548,1,0.0347,0.897,0,0.0827,0.357,143.609,35205,51,0
Holes,brando,2019,03,0.459,0.804,11,-5.848,1,0.0361,0.000147,1.05e-06,0.339,0.526,183.094,2483,72,0
MOVE,taemin,2017,10,0.697,0.713,8,-5.273,0,0.115,0.0153,0,0.0857,0.667,99.964,922344,64,0
JUDGEMENT NIGHT,health,2019,04,0.636,0.616,2,-9.591,1,0.0323,0.00153,0.293,0.175,0.0391,120.093,76682,55,0
Wolf in Sheep's Clothing (feat. William Beckett),set it off,2014,10,0.445,0.907,11,-3.894,0,0.0773,0.00161,0,0.403,0.71,165.069,452498,70,0
Wildfire,mandolin orange,2016,09,0.648,0.352,4,-10.11,1,0.0278,0.692,0.266,0.106,0.173,121.459,130698,64,0
Working On A Building - Live,the singing contractors,2019,02,0.475,0.757,5,-5.433,1,0.0376,0.52,0,0.677,0.789,136.711,861,20,0
Henry Don't Got Love,le butcherettes,2011,05,0.402,0.662,0,-6.05,1,0.0417,0.000326,0.000343,0.12,0.13,133.872,33415,36,0
Distance,emily king,2015,06,0.712,0.217,7,-12.944,1,0.0813,0.846,5.61e-05,0.265,0.468,136.986,106987,55,0
Face My Fears - English Version,hikaru utada,2019,01,0.628,0.751,1,-7.041,0,0.0991,0.0105,0,0.119,0.44,159.965,1218946,67,0
Do Your Worst,rival sons,2018,09,0.391,0.8,2,-2.761,1,0.0523,0.00977,3.08e-06,0.329,0.398,83.81,258231,61,0
Daddy (feat. Rich The Kid),blueface,2019,08,0.869,0.59,11,-8.214,1,0.257,0.07,0,0.236,0.479,107.934,1406601,82,1
Swervin (feat. 6ix9ine),boogie,2018,12,0.581,0.662,9,-5.239,1,0.303,0.0153,0,0.111,0.434,93.023,3621167,90,0
Singles You Up,jordan davis,2018,03,0.491,0.907,7,-3.594,1,0.0481,0.0491,0,0.242,0.631,199.943,172868,70,1
Energetic,wanna one,2017,11,0.714,0.886,0,-3.076,1,0.0461,0.058,0,0.112,0.752,125.046,1358157,63,0
Come Along,cosmo sheldrake,2017,10,0.649,0.699,0,-5.531,0,0.0846,0.76,0.00474,0.208,0.309,97.967,71873,55,0
No Waves,fidlar,2012,09,0.48,0.936,11,-4.056,0,0.0454,0.000786,0,0.0973,0.354,98.493,213197,59,0
Electricity (with Dua Lipa),silk city,2018,09,0.588,0.67,0,-6.439,1,0.0473,0.0104,3.33e-06,0.338,0.505,118.159,47861,69,0
Alpine Star,william tyler,2019,01,0.414,0.53,0,-9.587,1,0.0302,0.712,0.932,0.127,0.197,115.6,19651,45,0
She,dodie,2019,01,0.479,0.154,2,-15.051,1,0.0369,0.755,0.0261,0.11,0.232,92.457,571413,70,0
Yellow Bike,pedro the lion,2019,01,0.605,0.692,9,-7.556,1,0.057,0.191,0.151,0.105,0.686,119.427,43337,44,0
No Roots,alice merton,2017,08,0.863,0.657,7,-7.295,1,0.105,0.264,0.00619,0.0713,0.829,115.958,221075,66,1
Let the Rain Come Down,the steel woods,2017,05,0.644,0.616,2,-5.755,0,0.0325,0.14,0.00178,0.0745,0.345,147.083,36748,52,0
I Hate This,tenille arts,2018,07,0.622,0.41,3,-6.192,0,0.0264,0.588,0,0.108,0.346,80.988,15944,51,0
BURN IT,fever 333,2019,01,0.591,0.959,6,-3.074,1,0.164,0.00343,0,0.068,0.426,130.017,112154,59,0
Time > Breathe Reprise >,greensky bluegrass,2010,02,0.405,0.756,6,-6.361,0,0.0307,0.142,4.03e-05,0.638,0.606,133.379,115643,57,0
A Life Where We Work Out (feat. Kaitlin Butts),flatland cavalry,2016,04,0.596,0.501,3,-7.456,1,0.0263,0.14,0.000424,0.111,0.402,152.04,35246,56,0
Flamingo,kero kero bonito,2014,09,0.788,0.49,8,-6.287,1,0.511,0.313,0,0.0968,0.79,177.865,184872,60,0
Expectations,lauren jauregui,2018,10,0.576,0.443,4,-7.477,0,0.0754,0.00923,1.88e-06,0.124,0.452,180.08,592597,62,0
Throat,afterlife,2019,01,0.441,0.932,7,-4.373,1,0.214,0.000208,0.000532,0.206,0.211,190.1,7888,40,0
Wish I Knew You,the revivalists,2015,07,0.651,0.716,0,-6.516,0,0.0258,0.13,0.0616,0.125,0.722,101.05,218728,64,1
This Is Me,keala settle,2017,12,0.284,0.704,2,-7.276,1,0.186,0.00583,0.000115,0.0424,0.1,191.702,114566,73,0
Pain Is Pleasure,the last ten seconds of life,2015,01,0.472,0.966,3,-2.877,1,0.0692,9.47e-05,0.0177,0.431,0.475,159.968,28253,43,0
LOVE SCENARIO,ikon,2018,01,0.806,0.707,7,-4.623,1,0.0307,0.331,0,0.294,0.746,118.011,2163214,70,0
Sauce All On Me,coca vango,2018,08,0.934,0.628,2,-5.084,1,0.0669,0.0538,3.72e-06,0.103,0.788,137.015,12746,50,0
Adan y Eva,paulo londra,2018,11,0.767,0.709,1,-4.47,1,0.336,0.323,0,0.0676,0.72,171.993,8137382,85,0
Erase The Pain,palisades,2018,12,0.466,0.864,3,-5.586,0,0.0976,5.45e-05,0,0.234,0.481,138.075,107834,60,0
Could Have Been Me,the struts,2016,03,0.541,0.907,4,-4.512,1,0.0642,0.0158,0.000185,0.34,0.434,80.029,201442,63,0
Leave Me Alone,flipp dinero,2018,09,0.792,0.743,7,-2.806,1,0.0851,0.107,0,0.183,0.742,150.024,434165,70,1
LUCKY PENNY,jd mcpherson,2017,08,0.698,0.736,2,-5.525,1,0.0481,0.0664,2.16e-05,0.119,0.822,127.979,64231,51,0
Adiós Amor,christian nodal,2017,08,0.439,0.426,2,-6.437,1,0.0377,0.195,0,0.312,0.687,177.61,2604536,81,0
En Donde Esta Tu Amor,virlan garcia,2017,10,0.501,0.4,0,-4.76,1,0.0352,0.582,0,0.0692,0.556,73.054,2027577,73,0
주문 Mirotic,tvxq!,2014,05,0.638,0.854,1,-4.185,0,0.0558,0.21,0,0.899,0.56,100.009,465199,58,0
Defenseless - The Voice Performance,kirk jay,2018,12,0.183,0.571,9,-4.948,1,0.0338,0.601,2.29e-06,0.107,0.304,64.025,2449,36,0
Broken Hearts - The Voice Performance,chevel shepherd,2018,12,0.39,0.457,10,-6.312,1,0.0268,0.669,0.00148,0.143,0.414,142.103,3179,31,0
You Are The Reason - The Voice Performance,reagan strange,2019,06,0.42,0.333,1,-5.477,1,0.0299,0.895,5.84e-05,0.109,0.177,85.772,1009,19,0
Lost on You,lp,2017,05,0.433,0.724,5,-6.126,0,0.0372,0.1,0,0.0918,0.689,174.006,1300171,74,0
Emotion - The Voice Performance,makenzie thomas,2019,06,0.359,0.541,0,-6.985,1,0.037,0.602,0,0.114,0.372,174.099,2434,30,0
Full of Grace,sarah grace,1997,08,0.152,0.192,9,-12.719,1,0.0336,0.894,0.00632,0.127,0.166,175.725,177,12,0
Break Every Chain - The Voice Performance,kymberli joye,2019,06,0.316,0.696,6,-4.314,0,0.042,0.335,0,0.126,0.274,113.58,1454,23,0
Oceans / You Make Me Brave,caleb + kelsey,2018,01,0.367,0.233,2,-8.776,1,0.0347,0.861,0,0.103,0.32,90.903,99530,60,0
SOLO,jennie,2018,11,0.751,0.642,3,-5.165,0,0.087,0.0861,0,0.0953,0.388,95.045,270118,65,0
Get out of This Life,brian grilli,2019,07,0.602,0.886,4,-2.411,1,0.0363,0.112,0,0.0927,0.444,130.0,151,19,0
On My Way,alan walker,2019,03,0.509,0.689,1,-4.929,0,0.102,0.0209,0,0.301,0.297,170.087,15576455,87,0
Love Is Free - The Voice Performance,kennedy holmes,2018,12,0.8,0.704,5,-5.325,0,0.219,0.192,0,0.048,0.735,90.046,1203,16,0
I Love You,exid,2018,11,0.695,0.832,9,-3.455,0,0.0288,0.000371,0.000483,0.469,0.249,111.997,910639,63,0
bad guy,billie eilish,2019,03,0.701,0.425,7,-10.965,1,0.375,0.328,0.13,0.1,0.562,135.128,15720375,95,1
Mariana Trench,nita strauss,2018,11,0.503,0.925,2,-4.188,0,0.0419,9.23e-06,0.922,0.153,0.194,109.994,14560,34,0
Choke,i dont know how but they found me,2018,08,0.516,0.85,4,-3.909,0,0.0706,0.00139,0,0.296,0.583,120.324,315627,63,0
Days Gone,boygenius,2018,07,0.763,0.221,10,-12.353,0,0.499,0.759,9.6e-06,0.106,0.464,154.656,11,2,0
The Thrill Is Gone / Django (with Miley Cyrus),jeff goldblum,2019,11,0.515,0.347,7,-8.819,0,0.0312,0.707,9.44e-05,0.161,0.438,113.353,28080,52,0
Trouble in Mind,larkin poe,2016,04,0.547,0.972,11,-4.581,0,0.0893,1.82e-05,0.00295,0.238,0.392,121.03,68429,49,0
Apocalypse Now (& Later),laura jane grace & the devouring mothers,2018,11,0.668,0.974,7,-3.976,1,0.0328,0.132,0,0.165,0.946,125.029,10773,34,0
Nada,kda,2019,10,0.579,0.467,9,-5.993,0,0.122,0.541,0,0.106,0.125,109.985,13139,53,0
Hurts Like Hell (feat. Offset),madison beer,2018,11,0.704,0.56,1,-6.791,0,0.179,0.185,0,0.0948,0.609,75.003,1404124,78,0
18,kris wu,2018,01,0.632,0.629,2,-5.935,1,0.258,0.183,0,0.344,0.207,179.882,454061,59,1
Light On,maggie rogers,2019,01,0.657,0.569,2,-6.287,1,0.0542,0.201,1.38e-05,0.126,0.399,102.054,484541,74,0
I Hope You’re Happy Now,carly pearce,2019,09,0.591,0.815,10,-4.725,1,0.0366,0.168,8.68e-06,0.142,0.306,118.024,142260,63,1
Heaven (feat. Veronica),dzeko,2019,01,0.657,0.882,0,-3.565,0,0.0456,0.247,0.00202,0.112,0.179,127.994,34663,72,0
Chasin' Me,caroline jones,2019,03,0.693,0.652,5,-4.504,1,0.0252,0.597,0,0.27,0.597,107.977,9126,47,0
Casper,takeoff,2018,11,0.921,0.607,1,-7.397,1,0.209,0.525,1.12e-06,0.123,0.753,140.071,599801,70,1
Dominate Me,fight the fury,2018,10,0.589,0.976,7,-3.024,1,0.0726,3.26e-05,0.189,0.248,0.356,121.982,21396,41,0
Me and the Whiskey,whitey morgan and the 78's,2015,05,0.39,0.828,2,-5.453,1,0.0284,0.000347,0.144,0.128,0.554,81.861,52189,54,0
China,anuel aa,2019,07,0.786,0.808,7,-3.702,1,0.0882,0.0846,0.000289,0.0822,0.609,105.027,8913970,95,0
Cockroach King,haken,2013,09,0.546,0.633,6,-6.287,0,0.0309,0.0366,0.000127,0.478,0.426,170.148,101706,51,0
A Grave Mistake,ice nine kills,2018,10,0.36,0.925,6,-3.775,0,0.0719,0.000838,0,0.115,0.446,175.088,253982,68,0
Pachuca Sunrise,minus the bear,2005,08,0.469,0.877,11,-5.729,0,0.0347,0.0277,0.00165,0.366,0.71,154.983,151215,52,0
seoul (prod. HONNE),rm,2018,10,0.587,0.664,0,-8.63,1,0.0645,0.344,2.47e-05,0.324,0.453,99.8,1506226,69,0
SLOW DANCING IN THE DARK,joji,2018,10,0.515,0.479,3,-7.458,1,0.0261,0.544,0.00598,0.191,0.284,88.964,1862368,85,1
Drop Dead Cynical,amaranthe,2014,10,0.524,0.907,7,-3.946,1,0.0886,4.21e-05,0.000218,0.0935,0.543,140.056,291158,65,0
Nevermind,dennis lloyd,2017,06,0.592,0.691,3,-8.354,1,0.196,0.156,9.78e-06,0.418,0.0796,99.976,332232,75,1
You Were Right,rufus du sol,2016,01,0.708,0.793,5,-5.426,0,0.0341,0.0138,0.00227,0.118,0.735,122.014,488782,73,0
So Strange (feat. Cuco),polyphia,2018,10,0.553,0.885,0,-4.063,1,0.0385,0.000667,0.00072,0.209,0.484,96.025,211761,62,0
Sleeping on the Blacktop,colter wall,2015,06,0.567,0.311,2,-14.464,0,0.0455,0.822,0.23,0.11,0.478,83.11,175817,64,0
Highway Tune,greta van fleet,2017,11,0.579,0.957,4,-2.94,1,0.0521,0.0107,0.158,0.263,0.515,123.993,1035722,71,0
Mo Reala,zaytoven,2018,05,0.878,0.52,9,-7.58,1,0.131,0.218,0,0.119,0.337,110.996,219292,62,0
White Girl,shy glizzy,2014,02,0.698,0.793,1,-5.332,0,0.105,0.123,0,0.0805,0.454,129.948,493221,69,0
Everything That Hurts,justin courtney pierre,2016,02,0.575,0.248,7,-7.382,1,0.0287,0.261,1.92e-06,0.0872,0.379,144.009,5179,26,0
Excuse Me (feat. Too $hort & Dcmbr),mozzy,2017,12,0.811,0.574,5,-7.003,0,0.18,0.302,0,0.0865,0.546,96.993,289143,68,0
The Stable Song,gregory alan isakov,2007,01,0.625,0.432,2,-11.948,1,0.0283,0.633,0.00242,0.127,0.361,137.926,368062,70,0
Malibu Nights,lany,2018,10,0.559,0.422,11,-11.89,1,0.195,0.701,1.99e-06,0.0853,0.191,74.002,2015036,78,0
Graduation (with Juice WRLD),benny blanco,2019,08,0.731,0.65,0,-5.286,1,0.271,0.107,0,0.124,0.605,154.968,405702,81,0
Tech Noir,gunship,2015,07,0.505,0.622,10,-8.372,1,0.0322,0.0809,0.000789,0.212,0.193,85.994,93657,57,0
Honey,lay,2019,06,0.919,0.515,8,-7.678,0,0.106,0.0932,2.89e-05,0.0786,0.538,89.988,503385,67,0
Rita Is Gone,the marcus king band,2016,10,0.623,0.44,5,-8.216,1,0.0348,0.866,0.0675,0.0891,0.802,86.726,92031,56,0
Song For Zula,phosphorescent,2013,10,0.492,0.626,4,-8.26,1,0.0349,0.729,0.533,0.0509,0.524,86.016,156736,59,0
Orchard,windhand,2013,09,0.158,0.83,3,-6.228,1,0.0572,0.000715,0.898,0.177,0.132,134.445,48615,43,0
Make It Better (feat. Smokey Robinson),anderson .paak,2019,04,0.676,0.56,4,-6.024,0,0.0643,0.0112,0.00403,0.137,0.551,178.555,1232563,80,0
To the Moon,phora,2017,08,0.54,0.572,9,-8.665,1,0.115,0.624,0,0.14,0.43,82.562,518735,70,0
Mo Bamba,sheck wes,2018,10,0.729,0.625,4,-5.266,1,0.0315,0.194,0.00986,0.248,0.261,146.034,684409,72,1
Hang on to Yourself,palaye royale,2019,10,0.516,0.84,10,-3.613,1,0.0512,0.000147,3.51e-05,0.361,0.576,109.952,148149,60,0
Better Than,john butler trio,2007,03,0.64,0.817,7,-5.636,1,0.0254,0.0284,9.81e-05,0.189,0.772,108.185,354591,60,0
Cocky,tilian,2018,09,0.583,0.914,7,-5.074,1,0.0359,0.111,0,0.16,0.923,100.013,38315,53,0
Relax / Divide,hail the sun,2014,09,0.467,0.347,6,-8.765,1,0.0346,0.401,0,0.0839,0.118,114.941,40901,48,0
In the Lobby,sosamann,2018,03,0.793,0.426,10,-11.235,0,0.41,0.0385,0,0.107,0.298,160.94,16876,55,0
Of Unworldly Origin,revocation,2018,09,0.302,0.986,6,-5.046,1,0.221,2.4e-05,0.00346,0.26,0.123,112.422,61717,44,0
Lean Back,terror,2004,01,0.698,0.922,1,-3.359,1,0.517,0.129,0,0.106,0.691,126.594,131613,58,0
Earthquake,the black lillies,2018,09,0.426,0.264,1,-10.35,1,0.0522,0.856,0,0.074,0.46,163.648,11345,37,0
Axe Is Family,alla xul elu,2018,09,0.521,0.966,8,-2.875,1,0.45,0.19,0,0.113,0.237,96.807,6274,32,0
Bottled Up,dinah jane,2018,09,0.843,0.58,2,-4.271,1,0.0591,0.107,1.84e-05,0.0645,0.638,98.023,215132,54,0
Bounce Out With That,ybn nahmir,2018,09,0.864,0.664,8,-7.315,1,0.104,0.0476,0,0.0863,0.381,94.932,1861441,74,1
Midnight Rider,the midnight,1970,09,0.585,0.532,7,-9.673,1,0.0268,0.209,0.00797,0.227,0.68,94.461,134775,63,0
Tilted,christine and the queens,2015,06,0.872,0.361,7,-9.88,1,0.0609,0.283,0.00262,0.108,0.489,100.001,432418,67,0
TerrorVision,aborted,2018,09,0.433,0.976,4,-3.558,0,0.0989,3.25e-06,0.679,0.535,0.132,125.057,62069,41,0
Baby Birkin,gunna,2019,02,0.848,0.649,2,-6.083,1,0.315,0.232,0,0.101,0.629,118.04,1505725,91,1
"Dear Maria, Count Me In",low,2007,09,0.465,0.896,2,-3.126,1,0.0795,0.00725,0,0.206,0.569,181.014,2139982,73,0
There’s A Honey,pale waves,2018,09,0.486,0.869,2,-4.013,1,0.045,0.000237,2.6e-05,0.0983,0.114,121.866,172845,56,0
Surrounding,lakewood music,2018,09,0.628,0.92,8,-4.422,1,0.049,0.241,0,0.621,0.693,113.007,2871,28,0
GOOD DIE YOUNG,elley duhe,2019,11,0.499,0.532,8,-7.257,0,0.0406,0.588,0.0125,0.117,0.461,143.921,54477,72,0
Call Me,st. paul & the broken bones,2014,02,0.573,0.786,7,-4.354,1,0.0353,0.0625,0.211,0.117,0.61,110.289,242378,61,0
Every Little Thing,russell dickerson,2017,10,0.638,0.854,1,-4.664,1,0.11,0.216,0,0.0357,0.859,93.869,188424,70,1
The Diplomat,pig destroyer,2012,10,0.397,0.972,7,-5.198,1,0.103,3.51e-06,0.811,0.0517,0.193,89.443,49737,42,0
Just Click,emily warren,2018,10,0.643,0.564,11,-5.591,1,0.131,0.259,4.1e-06,0.309,0.596,172.045,38153,69,0
Bound by Silence (feat. John Bush),metal allegiance,2018,09,0.363,0.971,8,-3.778,1,0.059,2.6e-05,7.39e-05,0.0723,0.724,141.205,19353,35,0
Pieces of April,jerad finck,2015,10,0.591,0.661,3,-3.091,1,0.0243,0.00361,9.2e-05,0.0767,0.318,92.999,19144,31,0
Nobody,dylan scott,2019,04,0.573,0.747,0,-6.46,1,0.0319,0.519,1.13e-06,0.0867,0.645,79.952,566275,69,1
Jungle,tash sultana,2016,12,0.59,0.697,1,-5.877,0,0.0291,0.269,9.86e-05,0.0881,0.497,146.059,922059,71,0
I Won't Run From It,big red machine,2018,08,0.615,0.719,6,-8.194,0,0.0325,0.702,0.097,0.148,0.678,94.988,47410,50,0
Chinatown,wild nothing,2010,05,0.528,0.678,1,-5.309,1,0.0279,0.0244,0.000283,0.0738,0.16,126.03,217895,57,0
The Unspeakable Oath,thou,2018,06,0.44,0.343,11,-12.527,1,0.0366,0.747,0.331,0.0996,0.0684,98.577,28010,38,0
Bella,wolfine,2017,12,0.909,0.493,3,-6.688,1,0.0735,0.128,0.000147,0.127,0.844,94.016,1029500,66,0
Do Better,lil donald,2018,02,0.802,0.42,5,-9.131,0,0.101,0.714,4.1e-06,0.11,0.603,130.119,51777,53,0
Go to the Light,murder by death,2012,09,0.399,0.393,1,-11.311,0,0.0396,0.629,0.719,0.133,0.345,129.233,51104,48,0
hammer,nothing,2018,04,0.653,0.78,5,-7.253,0,0.0663,0.114,3.23e-06,0.117,0.26,179.928,204519,66,0
Tribe (with J. Cole),bas,2018,08,0.755,0.594,7,-5.906,1,0.216,0.241,0,0.107,0.237,178.929,267761,76,0
Old Number Seven,the devil makes three,2002,11,0.571,0.427,11,-7.574,1,0.0405,0.202,0,0.1,0.894,142.454,191713,58,0
Pretty Little Fears (feat. J. Cole),6lack,2018,09,0.611,0.466,9,-11.361,1,0.372,0.711,0.000264,0.0847,0.223,192.08,1895037,83,1
Charcoal Baby,blood orange,2018,08,0.622,0.46,7,-8.389,0,0.0372,0.14,0.000369,0.119,0.514,183.241,414043,69,0
How It Ends,devotchka,2004,10,0.617,0.336,4,-10.661,0,0.0363,0.862,0.11,0.417,0.0393,103.87,81093,46,0
Wait Wait Wait,kun,2018,08,0.787,0.777,4,-7.851,0,0.0482,0.52,0.00489,0.128,0.518,109.97,57006,39,0
At Night In Dreams,white denim,2013,10,0.54,0.934,1,-5.907,1,0.0687,0.0583,0,0.215,0.665,88.425,107188,53,0
Nobody,mitski,2018,08,0.398,0.716,0,-5.254,1,0.0392,0.0764,0,0.0848,0.494,117.295,239005,66,0
Celoso,lele pons,2018,08,0.746,0.703,4,-4.179,0,0.107,0.352,0,0.331,0.667,166.043,302633,63,0
Audi.,smokepurpp,2017,09,0.794,0.366,7,-10.051,1,0.135,0.0214,0,0.0964,0.278,122.993,1727762,75,0
What Am I,why don't we,2019,08,0.614,0.647,0,-4.681,0,0.0524,0.0687,0,0.104,0.368,163.862,1682535,83,0
Toe Cutter - Thumb Buster,oh sees,2013,04,0.398,0.828,8,-8.511,1,0.057,0.0002,0.742,0.0984,0.463,109.308,183315,57,0
What Am I,why?,2019,08,0.614,0.647,0,-4.681,0,0.0524,0.0687,0,0.104,0.368,163.862,1682535,83,0
Voldemort,with confidence,2016,06,0.539,0.949,5,-4.23,0,0.0711,0.000181,2.38e-05,0.746,0.747,103.448,111335,59,0
Eye of God,erra,2019,08,0.481,0.979,8,-3.11,0,0.182,0.000201,0.00984,0.165,0.311,120.012,100525,55,0
Dial Tones,as it is,2015,01,0.459,0.902,11,-4.767,0,0.043,0.00697,0,0.27,0.587,185.016,111409,54,0
The Medic,foxing,2014,05,0.623,0.692,9,-7.977,1,0.0293,0.0173,0.00883,0.124,0.13,104.977,78128,51,0
Creep City,jake shears,2018,08,0.568,0.829,5,-3.86,0,0.03,0.182,2.13e-05,0.0688,0.785,91.983,10216,37,0
She Likes the Beatles,william clark green,2013,04,0.209,0.593,7,-4.292,1,0.0324,0.00429,0,0.212,0.34,82.246,42844,57,0
LION,(g)i-dle,2019,10,0.737,0.726,4,-5.168,0,0.0347,0.0237,0,0.124,0.182,109.991,1068468,74,0
Ocean (feat. Jacquees),tk kravitz,2018,06,0.709,0.264,1,-17.696,0,0.186,0.268,0,0.24,0.341,133.858,120148,64,0
My Love (The Storm),amanda shires,2016,09,0.598,0.415,4,-10.807,0,0.0289,0.11,0.226,0.211,0.486,142.152,23516,63,0
Sedona,houndmouth.,2015,03,0.396,0.677,3,-7.513,1,0.0354,0.0372,0.000137,0.112,0.249,135.177,161698,63,0
1400 / 999 Freestyle,trippie redd,2018,11,0.825,0.572,6,-6.067,0,0.0864,0.0079,0,0.113,0.568,141.991,3616726,87,1
You Can Count On Me,trophy eyes,2018,08,0.536,0.881,1,-2.733,1,0.047,0.0362,0,0.363,0.542,160.002,59325,51,0
"After The Storm (feat. Tyler, The Creator & Bootsy Collins)",kali uchis,2018,04,0.702,0.659,4,-6.766,0,0.13,0.301,0.00201,0.218,0.843,79.64,747046,77,0
Slide,h.e.r.,2019,09,0.827,0.469,10,-9.141,0,0.341,0.0807,8.12e-06,0.207,0.196,97.028,1887334,81,1
Gan-Ga,bryant myers,2019,07,0.856,0.523,6,-7.5,0,0.419,0.228,0,0.0895,0.378,89.912,3007866,81,0
Best Friend,rex orange county,2017,01,0.575,0.714,6,-5.247,1,0.0596,0.395,0,0.115,0.32,144.982,1517940,85,0
Hot Summer,dj durel,2018,07,0.918,0.632,1,-6.979,1,0.278,0.0236,0,0.378,0.396,92.011,4387,51,0
Hardaway,derez de'shon,2018,04,0.537,0.518,1,-5.987,1,0.188,0.118,0,0.146,0.427,132.527,192813,57,1
Girl,the internet,2015,06,0.568,0.42,7,-11.169,0,0.276,0.536,0.124,0.101,0.453,79.89,686686,67,0
Running Up That Hill,meg myers,2019,03,0.587,0.898,11,-3.91,0,0.0661,0.0653,2.26e-06,0.146,0.473,102.012,129833,56,0
The Time I've Wasted,lori mckenna,2014,09,0.473,0.25,5,-11.263,1,0.0304,0.796,8.83e-05,0.101,0.261,145.027,31126,52,0
Fen of Shadows,skeletonwitch,2018,07,0.379,0.898,4,-4.955,0,0.0674,7.22e-06,0.469,0.484,0.0696,140.041,54985,42,0
Strangers,trash boat,2016,06,0.446,0.873,6,-3.922,1,0.0517,0.000202,0.00488,0.137,0.321,101.117,53130,51,0
Army Of The Night,powerwolf,2015,07,0.425,0.957,1,-3.654,0,0.0498,0.00096,0,0.166,0.599,171.95,323207,68,0
Paint It Black,the agony scene,2003,01,0.516,0.993,7,-2.273,1,0.0428,3.13e-05,0.556,0.0975,0.326,95.01,21803,33,0
Catie Rae,this wild life,2018,06,0.344,0.46,10,-9.399,1,0.0319,0.709,0,0.117,0.528,84.469,149107,55,0
Famous,mason ramsey,2018,07,0.534,0.815,5,-2.815,1,0.0278,0.708,0,0.111,0.564,159.848,86150,61,1
Enough,elias,2019,02,0.533,0.371,11,-10.569,1,0.0263,0.0694,6.14e-06,0.111,0.143,139.865,27614,46,0
Go Fuck Yourself,two feet,2016,07,0.765,0.327,6,-8.029,1,0.277,0.571,0.0479,0.0787,0.292,74.931,770168,75,0
Ova Dweet,popcaan,2016,04,0.638,0.699,1,-4.899,1,0.3,0.104,0,0.0995,0.597,102.758,352038,71,0
Tusa,karol g,2019,11,0.803,0.715,2,-3.28,1,0.298,0.295,0.000134,0.0574,0.574,101.085,7077525,88,0
Dream House,deafheaven,2013,05,0.116,0.804,7,-4.669,1,0.0766,6.84e-06,0.916,0.384,0.0957,82.211,110482,47,0
G,g-mo skee,2016,07,0.741,0.774,2,-4.918,1,0.117,0.084,0,0.309,0.73,80.0,11236,39,0
Faint Object Camera,hopesfall,2018,07,0.418,0.857,8,-5.23,1,0.055,4.78e-05,4.58e-05,0.0828,0.138,137.97,17555,34,0
Adore,amy shark,2016,11,0.592,0.438,1,-10.054,1,0.0391,0.193,0,0.0564,0.259,67.445,198122,63,0
Loud and Heavy,cody jinks,2015,01,0.502,0.685,0,-5.847,0,0.0283,0.000531,1.61e-06,0.0923,0.574,81.978,252646,71,0
Sausalito,lydia,2018,04,0.347,0.183,2,-11.149,1,0.0338,0.826,2.94e-05,0.126,0.24,149.681,57136,48,0
shibuya (feat. San Holo),covet,2018,07,0.445,0.765,4,-4.186,1,0.0317,0.454,0.184,0.186,0.332,126.018,62402,48,0
I Don't Know About You,chris lane,2018,07,0.593,0.81,1,-5.733,1,0.0625,0.602,0,0.119,0.712,144.011,275878,70,1
All-American Boy,steve grand,2016,04,0.441,0.709,6,-3.91,1,0.0333,0.084,0,0.0851,0.28,131.889,21389,34,0
quando a bad bater - ao vivo,luan santana,2019,06,0.647,0.787,1,-4.767,1,0.0413,0.307,0,0.532,0.535,128.121,3616478,79,0
16 Shots,stefflon don,2017,05,0.673,0.813,3,-4.928,0,0.0601,0.0241,0.000271,0.104,0.529,95.026,418346,77,0
Walking Trophy,hoodcelebrityy,2018,03,0.691,0.604,0,-6.358,1,0.341,0.129,0.00494,0.108,0.44,125.55,24292,54,0
Motivation,normani,2019,08,0.599,0.887,4,-3.967,1,0.0984,0.0192,1.21e-06,0.3,0.881,170.918,599492,84,1
Michigan,the milk carton kids,2011,07,0.554,0.235,10,-14.609,1,0.0342,0.89,0.00328,0.114,0.232,121.836,122272,62,0
The Ceiling,the wild feathers,2013,08,0.418,0.831,4,-5.766,1,0.0495,0.000364,0.000286,0.382,0.283,126.101,26332,43,0
I Stand for the Flag,wes cook band,2017,12,0.538,0.713,0,-5.596,1,0.0307,0.251,0.000104,0.177,0.493,93.105,305,17,0
Off The Ground,the record company,2016,01,0.543,0.696,7,-4.572,1,0.0426,0.601,0.215,0.384,0.849,92.15,64800,51,0
Get Got,death grips,2012,04,0.57,0.993,7,-3.757,1,0.337,0.00628,0.00796,0.0876,0.405,87.0,392070,63,0
Virus://Vibrance,vein,2018,06,0.234,0.997,10,-2.806,0,0.28,2.48e-05,0.198,0.168,0.0874,163.77,24937,42,0
"No Woman, No Cry (Arr. Kanneh-Mason)",sheku kanneh-mason,2018,01,0.285,0.0227,2,-27.431,1,0.0556,0.98,0.146,0.117,0.206,79.856,35219,53,0
Crime Pays,freddie gibbs,2019,06,0.608,0.699,6,-8.267,1,0.114,0.139,0,0.242,0.784,146.941,380478,69,0
Love the Way You Hate Me,like a storm,2015,02,0.481,0.818,6,-4.95,1,0.0403,0.00162,0.000371,0.0841,0.098,160.012,64321,52,0
Cut Up (feat. Tory Lanez) - Remix,blac youngsta,2019,09,0.828,0.537,11,-6.503,1,0.0921,0.000931,1.1e-05,0.121,0.556,164.056,907408,64,1
Papi Chulo,el chombo,2016,10,0.893,0.851,1,-6.42,1,0.112,0.0809,0.00143,0.0246,0.837,110.005,40774,56,0
Change Of Tone,r+r=now,2018,06,0.429,0.428,1,-8.228,0,0.0475,0.303,0.532,0.161,0.267,87.837,14558,35,0
Bee Kind To The Bugs,culture abuse,2018,06,0.57,0.827,0,-4.132,1,0.03,0.00146,0.182,0.612,0.498,102.964,21452,45,0
Faucet Failure,ski mask the slump god,2018,11,0.935,0.552,10,-9.373,0,0.335,0.111,0,0.0952,0.615,99.993,2687703,82,1
Miss It,yung bleu,2017,08,0.704,0.534,8,-7.028,1,0.276,0.0243,0,0.0824,0.189,104.99,355612,64,0
Be Honest (feat. Burna Boy),jorja smith,2019,08,0.757,0.737,4,-6.728,0,0.114,0.311,0,0.113,0.635,98.057,1173889,80,0
The Screen,yob,2018,06,0.615,0.666,2,-6.75,0,0.0363,0.0134,0.102,0.0764,0.531,126.153,49846,38,0
Pristine,snail mail,2018,06,0.483,0.695,0,-5.493,1,0.0313,0.00461,0.000661,0.102,0.294,126.212,137524,58,0
Bonfires and Tailgates,colt mcbee,2018,06,0.537,0.913,7,-5.776,1,0.0448,0.0157,0,0.0982,0.654,150.025,2462,26,0
High,sir sly,2017,06,0.749,0.733,2,-5.606,1,0.0375,0.00535,0.00303,0.0668,0.722,122.977,183564,58,0
"Adult Swim (feat. Tyga, Jeremih, & Velous)",dj spinking,2014,08,0.686,0.494,3,-5.9,1,0.328,0.0308,0,0.102,0.802,174.008,9044,61,0
Pretty,landon cube,2019,10,0.679,0.853,0,-5.289,0,0.0659,0.195,0,0.132,0.767,76.064,157169,72,0
Losing Side of Twenty Five,american aquarium,2015,02,0.654,0.612,4,-7.181,1,0.029,0.388,0,0.152,0.71,135.013,30687,45,0
Savage Land,gruesome,2015,04,0.239,0.957,9,-4.176,1,0.157,4.23e-06,0.336,0.121,0.264,99.184,14552,27,0
All on Me,devin dawson,2018,01,0.634,0.668,5,-5.488,1,0.0291,0.14,0,0.216,0.635,80.989,108228,63,1
Missing You,btob,2017,10,0.633,0.736,7,-5.775,1,0.131,0.65,0,0.128,0.477,168.05,841174,60,0
Anything Goes,sutton foster,2011,09,0.617,0.438,7,-8.707,1,0.17,0.682,0.00218,0.28,0.725,98.823,27586,51,0
Redeemed,influence music,2019,07,0.502,0.686,4,-6.456,0,0.0318,0.0377,0,0.288,0.335,77.987,15684,56,0
I Think I Luv Her,tyla yaweh,2019,09,0.902,0.608,11,-6.238,1,0.27,0.000456,0,0.0621,0.836,84.001,71794,70,0
Tenderness,parquet courts,2018,05,0.716,0.736,7,-3.761,1,0.0363,0.165,0.000171,0.0746,0.945,98.005,166605,59,0
The Siren,graveyard,2011,03,0.408,0.471,7,-6.969,0,0.0446,0.273,0.00119,0.137,0.302,122.537,136751,51,0
Hideaway,my silent bravery,2019,10,0.554,0.756,5,-6.181,1,0.0268,0.0453,5.51e-06,0.186,0.72,97.924,11841,23,0
Scooby Doo Pa Pa,dj kass,2018,01,0.909,0.755,10,-2.59,0,0.236,0.042,0.00121,0.106,0.638,120.948,28097,52,0
Energy (Stay Far Away),skepta,2018,06,0.836,0.614,8,-4.543,0,0.311,0.345,9.86e-05,0.088,0.603,101.97,651142,78,0
Last Night's Mascara,brynn cartelli,2018,12,0.783,0.531,4,-6.062,1,0.0589,0.27,0,0.0867,0.526,102.481,17057,46,0
Thinking Out Loud - The Voice Performance,britton buchanan,2018,05,0.553,0.374,2,-7.781,1,0.0333,0.27,0,0.108,0.414,157.526,2876,26,0
Old Soul - The Voice Performance,spensha baker,2018,05,0.33,0.584,2,-5.412,1,0.0299,0.632,8.41e-05,0.102,0.258,147.128,2174,19,0
You Don't Own Me - The Voice Performance,kyla jade,2018,05,0.321,0.798,2,-4.063,1,0.0456,0.157,0.000108,0.154,0.336,188.609,1920,25,0
Summer Nights,iration,2010,08,0.835,0.609,9,-5.636,1,0.0336,0.0201,1.28e-06,0.107,0.781,130.154,244561,62,0
Dear Prudence,dana fuchs,2007,01,0.53,0.394,2,-10.487,1,0.0257,0.138,0.337,0.11,0.113,142.012,14400,46,0
There’s A Girl,trent harmon,2018,05,0.526,0.793,7,-5.869,1,0.0376,0.196,0,0.0778,0.347,97.107,35128,47,0
Better Now,caleb lee hutchinson,2019,01,0.66,0.635,2,-5.212,1,0.0279,0.111,0.00241,0.369,0.474,117.012,14133,37,0
Drip Too Hard (Lil Baby & Gunna),lil baby,2018,10,0.897,0.662,1,-6.903,0,0.292,0.0852,0,0.534,0.389,112.511,2930941,91,1
Bandit (with YoungBoy Never Broke Again),juice wrld,2019,10,0.474,0.631,5,-5.884,0,0.343,0.0687,0,0.132,0.425,180.051,6055857,93,1
Nothin' on You,kaleb lee,2019,10,0.467,0.854,2,-3.53,1,0.0392,0.0137,0,0.203,0.466,166.115,519,31,0
Diggin' Holes,brent cobb,2016,10,0.666,0.74,7,-7.606,1,0.031,0.0185,0,0.0741,0.826,120.056,36438,52,0
She's With Me,high valley,2018,05,0.601,0.941,11,-3.622,1,0.0852,0.0188,0,0.526,0.702,111.041,82161,57,1
The Kind You Write Songs About,pryor baird,2019,02,0.676,0.648,1,-6.256,1,0.0223,0.0146,4.41e-05,0.33,0.862,97.019,531,17,0
Zombie,bad wolves,2018,01,0.448,0.826,2,-3.244,0,0.0319,0.00756,0,0.117,0.19,77.093,285223,70,1
Recovery,frank turner,2013,01,0.532,0.887,9,-2.435,1,0.0518,0.0614,0,0.0909,0.817,155.893,261618,61,0
Replay,zendaya,2013,01,0.688,0.723,6,-6.682,0,0.121,0.0416,0.0002,0.302,0.618,140.023,2439107,75,0
Wait so Long,trampled by turtles,2010,04,0.254,0.928,9,-5.885,0,0.318,0.487,1.33e-05,0.112,0.327,189.451,233235,60,0
Tomorrow,shakey graves,2016,09,0.564,0.354,7,-10.85,1,0.0334,0.73,3.43e-06,0.208,0.423,98.075,309197,65,0
Satish,tee grizzley,2019,09,0.745,0.704,0,-6.962,1,0.233,0.246,0,0.314,0.56,98.042,1539093,78,1
Forever Heavy,black moth super rainbow,2007,05,0.384,0.735,5,-4.856,0,0.0383,0.703,0.921,0.232,0.276,133.906,70988,46,0
Never Enough,loren allred,2017,12,0.277,0.394,8,-8.903,1,0.0336,0.423,0,0.0952,0.227,86.777,62762,67,1
YOU,dynamite dylan,2018,02,0.712,0.58,10,-7.007,0,0.0381,0.0771,2.21e-06,0.122,0.682,134.01,34830,35,0
Nothing For Christmas,slim jxmmi,2018,12,0.838,0.905,10,-4.628,0,0.0726,0.00102,0,0.349,0.836,131.926,77265,72,0
Why Am I Like This?,the word alive,2018,05,0.321,0.949,2,-3.332,1,0.0633,9.78e-05,1.1e-06,0.322,0.23,175.103,201904,66,0
Makin’ Me Look Good Again,drake white,2016,08,0.574,0.586,10,-6.141,1,0.0337,0.354,0,0.106,0.26,127.794,56550,51,0
Trip,ella mai,2018,10,0.477,0.61,11,-5.628,0,0.144,0.225,0,0.107,0.358,79.882,2192284,80,1
Purple Hat,sofi tukker,2019,09,0.777,0.744,9,-7.42,1,0.204,0.331,0.0073,0.088,0.654,94.019,274984,71,0
River,bishop briggs,2018,04,0.733,0.477,2,-6.737,0,0.0687,0.302,2.97e-06,0.0579,0.545,62.507,481129,73,0
Through It All,from ashes to new,2016,02,0.524,0.944,5,-5.151,0,0.145,0.00355,7.55e-06,0.0362,0.494,74.994,141846,62,0
Love Anyway,drew love,2019,01,0.402,0.524,6,-10.134,1,0.0475,0.679,0,0.0932,0.265,169.748,5953,64,0
Of Mind - Nocturne,tesseract,2013,05,0.573,0.923,11,-5.509,0,0.0634,0.000267,0.000259,0.051,0.445,130.005,171802,54,0
Drunk Drivers/Killer Whales,car seat headrest,2016,05,0.534,0.414,2,-7.952,1,0.0403,0.218,2.11e-06,0.103,0.458,117.079,209759,61,0
All These Kisses,tammy rivera,2018,04,0.67,0.499,8,-9.822,1,0.0563,0.116,0,0.0906,0.355,149.912,89307,39,0
2002,anne-marie,2018,04,0.697,0.683,1,-2.881,0,0.117,0.0372,0,0.137,0.603,96.133,4826233,86,0
Not Dead Yet,ledger,2018,04,0.421,0.951,7,-1.435,0,0.0544,0.000402,0.000762,0.594,0.262,163.903,47835,47,0
Consider Me,allen stone,2019,11,0.469,0.664,9,-5.138,0,0.0806,0.195,0,0.101,0.527,77.767,193897,61,0
Andre The Giant,prof,2018,04,0.773,0.47,6,-8.134,1,0.276,0.229,0.000367,0.0582,0.522,74.966,52784,53,0
Goblins,nekrogoblikon,2018,04,0.478,0.805,0,-4.323,1,0.0416,0.0176,2.39e-05,0.153,0.406,89.729,49344,47,0
Redemption (with Babes Wodumo),zacari,2018,02,0.778,0.765,11,-7.175,0,0.128,0.139,0.0274,0.123,0.642,125.062,46217,70,0
Blue Flowers,dr. octagon,1996,01,0.544,0.672,7,-9.788,1,0.243,0.0339,8.12e-06,0.693,0.244,85.88,46886,40,0
How Simple,hop along,2018,04,0.633,0.715,6,-7.244,1,0.0304,0.0647,0,0.103,0.526,126.935,70065,51,0
Floating (feat. Khalid),alina baraz,2018,04,0.66,0.447,1,-9.026,0,0.0482,0.81,2.15e-06,0.11,0.578,84.95,566632,73,0
Super Rad!,the aquabats!,1997,10,0.513,0.926,11,-4.36,1,0.136,0.00993,0.000237,0.0648,0.931,172.68,64176,48,0
Hunnybee,unknown mortal orchestra,2018,04,0.956,0.373,6,-7.963,1,0.0773,0.569,0.394,0.314,0.568,119.994,476933,67,0
Civilian,wye oak,2011,03,0.389,0.697,8,-7.215,0,0.0315,0.000269,0.207,0.135,0.413,90.853,106759,49,0
Hard 2 Face Reality,poo bear,2018,04,0.625,0.626,7,-5.281,1,0.0293,0.22,0,0.228,0.282,142.043,28714,61,0
JAPAN,famous dex,2018,04,0.733,0.678,6,-7.771,1,0.438,0.121,0,0.344,0.841,175.985,1713317,73,1
The Safety of Disbelief,light the torch,2018,03,0.389,0.972,2,-4.925,1,0.138,2.26e-05,0.0121,0.501,0.19,82.517,86537,54,0
Leave It In My Dreams,the voidz,2018,03,0.6,0.746,4,-4.696,0,0.0355,0.0226,0.0119,0.109,0.614,118.551,97028,55,0
Betrayed,lil xan,2018,04,0.821,0.434,10,-9.194,0,0.118,0.434,0,0.128,0.241,120.012,1913942,72,1
Deathwish,red sun rising,2018,03,0.498,0.871,8,-5.517,0,0.0499,0.00614,2.74e-06,0.342,0.663,135.01,49909,50,0
Fred Astaire,jukebox the ghost,2018,03,0.605,0.71,11,-4.75,1,0.0753,0.0244,3.72e-05,0.309,0.691,110.171,107102,58,0
"Nails, Hair, Hips, Heels",todrick hall,2019,05,0.935,0.611,1,-8.689,1,0.133,0.348,6.9e-06,0.0825,0.785,126.008,178894,67,0
Nausea,jeff rosenstock,2015,03,0.445,0.747,0,-5.857,1,0.0456,0.375,3.48e-06,0.354,0.533,135.219,53931,54,0
Downtown,anitta,2017,11,0.775,0.679,4,-4.985,0,0.135,0.18,7.26e-05,0.068,0.619,166.008,8316125,86,0
Dreams - Piano Version,lissie,2019,04,0.562,0.187,0,-9.156,1,0.0313,0.921,0,0.0813,0.199,117.59,152971,59,0
Mode II (feat. Logic),prhyme,2015,12,0.473,0.902,2,-3.546,1,0.237,0.0252,0,0.0757,0.409,97.48,38400,44,0
Calvin Cambridge,sob x rbe,2017,01,0.776,0.678,2,-4.505,1,0.376,0.00476,0,0.363,0.81,181.872,317141,68,1
Lifestyle,rich homie quan,2014,06,0.718,0.67,1,-5.236,1,0.227,0.0144,0,0.0851,0.517,88.764,2003186,73,0
Plenty for All,hot snakes,2004,05,0.473,0.974,2,-4.637,1,0.0451,1.09e-05,0.172,0.0827,0.72,148.496,27627,40,0
The Silent Life,rivers of nihil,2018,03,0.437,0.916,1,-6.515,0,0.0657,2.37e-05,0.8,0.306,0.255,99.995,43991,44,0
No Regresarás,chiquis rivera,2019,09,0.668,0.646,7,-2.605,0,0.0894,0.467,0,0.063,0.921,166.154,67203,47,0
Yellow Cloud,trixie mattel,2019,05,0.517,0.899,9,-4.808,1,0.0486,0.00306,0,0.189,0.804,130.013,51773,48,0
Raise Hell,dorothy,2016,06,0.547,0.693,6,-6.404,1,0.0264,0.0224,0,0.523,0.716,79.963,174031,61,0
Gum,moose blood,2014,10,0.501,0.667,4,-6.196,1,0.0284,0.00848,0,0.281,0.283,82.522,143690,56,0
You Belong To Somebody Else,dej loaf,2017,02,0.79,0.472,1,-6.999,0,0.0656,0.325,5.83e-06,0.276,0.287,115.055,1078482,70,1
The River,jordan feliz,2015,10,0.641,0.909,10,-4.998,0,0.0362,0.0964,0,0.342,0.782,124.0,170106,59,0
Você Partiu Meu Coração,nego do borel,2017,01,0.854,0.682,9,-5.818,0,0.069,0.374,0,0.0697,0.887,98.023,2325161,68,0
Splashin,rich the kid,2019,03,0.942,0.382,10,-8.099,1,0.564,0.00192,0,0.092,0.379,100.017,1830868,82,1
Can We,phonte,2019,03,0.445,0.583,0,-10.219,0,0.0535,0.688,0.0079,0.0614,0.298,94.764,51130,53,0
Sister,tracey thorn,2018,03,0.624,0.772,6,-9.108,0,0.0411,0.0016,0.0559,0.185,0.451,99.997,34553,49,0
Keep The Wolves Away,lucius,2012,08,0.682,0.351,1,-10.276,0,0.0318,0.52,0.00059,0.11,0.144,122.207,114894,59,0
Something For Your M.I.N.D.,superorganism,2018,03,0.698,0.542,2,-4.317,1,0.131,0.132,0.00117,0.199,0.664,140.096,150226,59,0
Congratulations,dessa,2016,12,0.686,0.611,11,-8.266,1,0.116,0.345,0,0.145,0.408,95.983,45884,50,0
Everyday We Lit (feat. PnB Rock),yfn lucci,2017,03,0.758,0.646,7,-4.701,1,0.112,0.128,0,0.0778,0.589,155.955,1272716,68,0
Real Thing,turnstile,2018,02,0.51,0.801,1,-5.03,1,0.0355,0.000311,0.895,0.357,0.358,84.972,80795,53,0
Where You From,big smo,2017,07,0.821,0.827,0,-5.031,1,0.189,0.059,0,0.305,0.596,136.062,172550,51,0
FEEL NOTHING,the plot in you,2018,02,0.448,0.825,4,-5.307,0,0.0621,0.00353,0,0.108,0.226,144.17,111425,56,0
Nightmare,american nightmare,2019,09,0.499,0.915,10,-3.152,0,0.0483,0.0022,0.0172,0.567,0.475,135.006,12843,30,0
Say Nothing,pianos become the teeth,2014,10,0.631,0.495,3,-8.018,0,0.0281,0.502,0.12,0.0908,0.293,115.137,55889,42,0
Loveshine (Live),john corabi,2018,02,0.284,0.883,6,-7.114,1,0.0406,0.0121,7.29e-06,0.956,0.388,100.56,2687,21,0
So Far Away,agust d,2016,08,0.485,0.828,11,-4.505,0,0.112,0.00927,0,0.325,0.277,93.723,1102673,60,0
Love Me Less (feat. Quinn XCII),max,2019,04,0.732,0.856,11,-2.2,0,0.0929,0.0828,0,0.323,0.771,145.034,356846,76,0
Now You Know,jon langston,2019,06,0.475,0.932,6,-4.005,1,0.0649,0.0296,0,0.0883,0.524,148.075,115718,65,0
Kill the Director,the wombats,2007,07,0.41,0.858,1,-5.295,0,0.0485,0.00347,0,0.0897,0.962,161.487,712054,71,0
Make You Proud,saudi,2017,11,0.706,0.437,5,-10.099,0,0.238,0.518,1.74e-05,0.102,0.215,135.048,6200,59,0
Float On,good tiger,2018,02,0.417,0.959,6,-5.452,0,0.057,1.19e-05,0.00213,0.167,0.545,157.977,31725,43,0
I.F.L.Y.,bazzi,2019,08,0.812,0.519,2,-4.823,1,0.0385,0.379,0,0.13,0.554,104.954,2420334,86,1
Open,rhye,2013,01,0.551,0.324,0,-10.962,1,0.0314,0.896,0.0873,0.277,0.231,90.957,368039,67,0
Luckiest Man,the wood brothers,2006,01,0.571,0.281,5,-10.56,1,0.0475,0.74,0,0.163,0.294,142.263,132311,61,0
My Lady's On Fire,ty segall,2018,01,0.329,0.498,3,-8.945,1,0.0378,0.192,0.000399,0.102,0.33,166.488,210929,59,0
Run It Back,evidence,2013,06,0.748,0.43,5,-7.017,0,0.0542,0.000335,0.876,0.121,0.712,86.733,55672,49,0
fine,mike shinoda,2019,11,0.55,0.685,8,-3.28,1,0.0353,0.0261,6.9e-05,0.251,0.168,89.977,355064,63,0
Tithemi,sleeping giant,2012,07,0.497,0.983,4,-5.756,1,0.113,1.43e-05,1.96e-06,0.245,0.27,140.012,35241,38,0
The Permanent Rain,the dangerous summer,2009,05,0.57,0.843,10,-4.797,1,0.0543,0.0481,0,0.0936,0.709,124.981,50915,53,0
La Mejor Versión de Mi - Remix,natti natasha,2019,10,0.735,0.712,11,-5.119,0,0.0326,0.732,0,0.302,0.894,131.938,3596452,86,0
sex,eden,2016,08,0.413,0.521,9,-4.469,1,0.0466,0.162,0,0.323,0.532,103.391,690024,75,0
Kill The Sun,cane hill,2018,11,0.447,0.512,5,-9.534,0,0.0278,0.28,0.000356,0.0983,0.316,101.073,38649,45,0
Powa,tune-yards,2011,04,0.753,0.315,5,-7.458,1,0.0323,0.677,7.66e-05,0.129,0.524,109.613,167513,51,0
Simple Man,jason manns,2016,09,0.561,0.336,2,-10.932,0,0.0511,0.783,9.67e-06,0.0957,0.428,149.848,11035,44,0
All The Time,bahamas,2014,08,0.711,0.464,4,-4.816,0,0.0488,0.648,0.00373,0.0846,0.507,127.274,227850,68,0
Morocco,moon taxi,2013,09,0.617,0.892,1,-3.143,0,0.0489,0.0169,0.000202,0.224,0.596,115.082,132344,60,0
This Too Shall Last,anderson east,2018,01,0.503,0.49,4,-8.553,1,0.0279,0.323,0.799,0.0873,0.68,148.884,90521,57,0
Greatest Love Story,lanco,2018,01,0.671,0.617,10,-8.72,1,0.0561,0.401,0,0.119,0.62,147.986,265763,65,1
The Eagle has Landed,avatar,2016,05,0.455,0.942,2,-6.513,1,0.0673,0.000745,0.00152,0.304,0.319,170.22,162482,57,0
Prosthetic Love,typhoon,2013,08,0.404,0.417,7,-10.163,1,0.0396,0.507,0.3,0.147,0.04,136.215,42096,43,0
Little Lion Man,tonight alive,2011,11,0.588,0.698,6,-4.047,1,0.0444,0.00197,8.01e-05,0.114,0.553,129.95,266954,57,0
Supernova,ansel elgort,2018,01,0.764,0.618,5,-5.492,0,0.0873,0.0596,0,0.194,0.655,140.09,701872,65,0
Freight Train,ty tabor,2018,01,0.452,0.605,0,-7.998,1,0.0312,6.1e-05,0.065,0.321,0.366,80.015,3479,20,0
Bless the Broken Road,gentri,2017,09,0.261,0.273,0,-9.96,1,0.0315,0.899,0,0.106,0.186,76.588,6688,42,0
Ego,just chase,2017,02,0.65,0.628,6,-4.393,0,0.0535,0.231,0,0.105,0.523,99.996,5263,32,0
They Rode On,watain,2013,08,0.295,0.44,4,-9.151,0,0.0314,4.16e-05,0.498,0.0811,0.039,133.988,75161,42,0
Myself,layton greene,2018,05,0.357,0.533,11,-8.126,1,0.0777,0.723,0,0.101,0.318,138.086,81433,68,0
Sweetest Dreams,watt,2019,08,0.309,0.0227,3,-39.651,1,0.0536,0.994,0.888,0.103,0.128,68.355,14464,69,0
Deep End,lexy panterra,2016,10,0.762,0.558,0,-6.863,1,0.0498,0.00535,5.09e-05,0.0944,0.433,125.997,24102,46,0
Bellas Finals: Price Tag/Don’t You (Forget About Me)/Give Me Everything/Just The Way You Are/Party In The U.S.A./Turn The Beat Around,the bellas,2015,02,0.476,0.682,0,-5.74,1,0.153,0.579,0,0.129,0.308,105.956,95401,61,0
El Amor de Mi Vida,alta consigna,2018,12,0.706,0.476,10,-9.243,1,0.0384,0.645,0,0.0717,0.687,130.044,1286644,65,0
Personal,hrvy,2017,11,0.755,0.536,8,-5.605,1,0.12,0.114,0,0.0282,0.882,138.969,764002,74,0
Known,tauren wells,2017,06,0.576,0.303,1,-10.359,1,0.0489,0.786,0,0.0993,0.753,77.872,180160,66,0
Déjalo,nacho,2018,11,0.743,0.795,11,-5.733,1,0.0732,0.199,0,0.0577,0.682,95.003,2100223,77,0
Help Me Help You (feat. Why Don't We),logan paul,2017,05,0.811,0.641,1,-4.167,0,0.256,0.205,0,0.547,0.781,134.971,973963,51,0
I,lil skies,2019,03,0.649,0.453,6,-7.28,1,0.085,0.627,0,0.116,0.431,99.183,3316779,84,1
Landslide - The Voice Performance,chloe kohanski,2017,12,0.356,0.413,2,-7.544,1,0.0265,0.349,0,0.142,0.255,75.619,11599,34,1
Tennessee Rain - The Voice Performance,addison agen,2017,12,0.553,0.232,9,-6.929,1,0.0326,0.907,0,0.123,0.274,137.8,4783,35,1
I Pray - The Voice Performance,red marlow,2017,12,0.543,0.603,9,-5.294,1,0.0287,0.0611,2.77e-06,0.123,0.258,133.782,2733,21,1
Little Bit Crazy,brooke simpson,2019,05,0.574,0.436,9,-8.737,0,0.0733,0.156,0,0.663,0.665,173.502,4332,29,0
Think About Me,dvsn,2017,10,0.547,0.294,7,-10.202,1,0.0482,0.0607,0.786,0.0933,0.11,105.027,649742,69,0
Caught Up (feat. Khalid),majid jordan,2019,07,0.678,0.438,9,-8.847,0,0.0577,0.29,0,0.0838,0.501,81.498,447265,73,0
Put a Little Love in Your Heart,darren criss,2017,03,0.593,0.613,6,-6.01,1,0.0469,0.653,0,0.15,0.604,123.024,79183,61,0
Um Sinal,ivete sangalo,2018,08,0.746,0.565,8,-6.705,1,0.0414,0.18,0,0.0962,0.38,99.923,1267298,69,0
Conceited (There's Something About Remy),remy ma,2006,01,0.704,0.576,11,-7.711,1,0.477,0.214,0,0.188,0.586,124.955,403763,66,0
I Hope You Dance - The Voice Performance,keisha renee,2017,11,0.331,0.492,8,-5.897,0,0.0329,0.444,0,0.317,0.478,145.634,818,21,0
Ape Dos Mil,glassjaw,2002,07,0.333,0.851,7,-5.293,1,0.0948,0.0101,0,0.277,0.44,108.25,88786,44,0
Autotheist Movement I: Create,the faceless,2012,08,0.531,0.691,5,-6.66,0,0.0283,0.0394,0.00407,0.581,0.264,105.068,82213,44,0
All She Want Is Gold,noah mac,2019,06,0.808,0.199,6,-12.539,1,0.174,0.811,0.00114,0.117,0.547,97.442,13671,37,0
FEFE,6ix9ine,2018,11,0.931,0.387,1,-9.127,1,0.412,0.088,0,0.136,0.376,125.978,4316962,83,1
Invisible Prisons,justin furstenfeld,2014,10,0.59,0.936,9,-4.563,1,0.0781,0.124,0,0.184,0.319,112.876,6716,32,0
Dat Side,cyhi the prynce,2017,11,0.87,0.578,1,-8.526,1,0.125,0.0123,0,0.0529,0.506,148.007,122098,58,0
All Hail King Jesus,jeremy riddle,2017,11,0.283,0.445,0,-9.646,1,0.0329,0.0638,1.92e-05,0.0591,0.0898,147.509,126029,55,0
Live up to My Name,baka not nice,2017,06,0.943,0.495,6,-5.964,0,0.18,0.0575,0,0.0952,0.573,129.971,89939,58,0
I Like Girls (feat. Lil Skies),pnb rock,2019,05,0.702,0.775,1,-3.462,1,0.248,0.324,0,0.114,0.784,178.199,2143760,82,1
Rolling Stoned,upchurch,2016,12,0.738,0.514,7,-11.831,1,0.0767,0.188,0,0.3,0.201,143.932,486156,73,0
Fazer,quicksand,1993,01,0.416,0.777,9,-8.712,1,0.0574,3.6e-05,0.00513,0.157,0.653,178.369,35167,40,0
It Won't Stop (feat. Chris Brown),sevyn streeter,2013,12,0.657,0.574,1,-9.484,0,0.0407,0.016,8.1e-05,0.172,0.211,119.992,722241,64,0
Take It All Back 2.0,judah & the lion,2017,03,0.446,0.801,0,-6.397,1,0.0305,0.00925,8.84e-05,0.13,0.765,148.071,213939,65,0
Drive,oh wonder,2015,09,0.658,0.447,9,-8.315,1,0.0987,0.755,3.67e-06,0.0828,0.397,141.742,830604,74,0
Forever a Cowboy,ned ledoux,2017,11,0.384,0.635,7,-7.024,1,0.0349,0.321,1.81e-05,0.279,0.425,113.296,8931,40,0
I Got Angels,emcee n.i.c.e.,2017,09,0.563,0.823,4,-6.587,0,0.349,0.0589,0,0.348,0.49,160.94,29165,26,0
Weightless,marconi union,2012,10,0.139,0.22,2,-19.974,0,0.0324,0.856,0.831,0.17,0.0789,71.432,113610,60,0
Poison,brent faiyaz,2016,08,0.689,0.394,2,-10.102,0,0.065,0.711,0.000905,0.0859,0.382,117.489,397604,73,0
Souvenir,julien baker,2018,10,0.598,0.3,6,-11.044,0,0.0264,0.732,0.502,0.0946,0.167,109.034,155660,61,0
Monsters Ball,butcher babies,2015,08,0.529,0.996,5,-4.298,0,0.25,0.00386,0.00106,0.375,0.134,130.004,90929,45,0
Dancing in the Sky,dani and lizzy,2015,06,0.306,0.31,11,-10.371,1,0.0336,0.603,2.72e-05,0.112,0.126,207.508,10783,46,0
Wildflowers,the wailin' jennys,2017,10,0.474,0.213,11,-11.677,1,0.028,0.853,3.1e-06,0.241,0.353,84.962,74574,50,0
Learning to Lose (feat. Willie Nelson),margo price,2017,10,0.525,0.249,2,-11.587,1,0.0278,0.71,0.011,0.11,0.223,75.063,66731,46,0
Coming Home,sons of apollo,2017,10,0.553,0.957,4,-4.378,1,0.0822,0.00105,0.0466,0.279,0.421,121.974,43233,40,0
Budding Trees,nahko,2013,05,0.604,0.563,4,-7.661,1,0.0371,0.565,0,0.283,0.66,116.026,181937,58,0
Daylily,movements,2017,10,0.565,0.778,2,-5.475,1,0.028,0.00195,0.00129,0.156,0.421,104.067,84738,57,0
Ric Flair Drip (& Metro Boomin),offset,2017,10,0.88,0.428,9,-8.28,1,0.206,0.149,5.07e-05,0.114,0.333,100.007,1296614,87,1
Pet Names,i the mighty,2017,10,0.504,0.795,5,-4.695,0,0.0402,0.0614,0,0.0817,0.58,75.024,58651,52,0
Painter in Your Pocket,destroyer,2006,01,0.566,0.511,6,-8.826,0,0.0614,0.674,3.02e-06,0.221,0.258,123.311,103817,54,0
Notorious,adelitas way,2017,10,0.53,0.967,0,-2.108,1,0.0657,0.000507,0.205,0.0786,0.642,99.962,200809,61,0
Trying,bully,2015,06,0.75,0.604,9,-7.493,1,0.0317,0.00484,0.000275,0.243,0.727,120.017,39902,37,0
Nobody,stick to your guns,2015,02,0.391,0.967,10,-5.841,1,0.137,2.79e-05,0.000561,0.343,0.165,171.012,148847,54,0
Judas,fozzy,2017,10,0.418,0.907,0,-3.675,1,0.0584,0.000101,0.000433,0.346,0.473,99.17,98805,56,0
Its Every Night Sis,ricegum,2017,06,0.887,0.784,8,-5.598,1,0.199,0.0244,0,0.112,0.408,98.984,339785,50,0
Baby Blue,king krule,2013,08,0.468,0.331,3,-11.052,1,0.036,0.613,0.00108,0.129,0.09,102.448,413193,62,0
Man of Steel,grant maloy smith,2018,10,0.383,0.628,7,-6.784,1,0.0377,0.0842,0.000569,0.0942,0.428,76.019,331,19,0
When the Heartache Has Gone,revolution saints,2019,11,0.347,0.875,2,-7.997,1,0.0454,0.000374,5.08e-06,0.315,0.48,168.039,11175,33,0
My One and Only Love,irvin mayfield,2008,04,0.5,0.112,9,-14.602,0,0.0327,0.937,0.506,0.102,0.223,108.588,1668,30,0
Callaita,bad bunny,2019,05,0.61,0.624,2,-4.773,1,0.309,0.6,2.12e-06,0.243,0.244,176.169,16416352,96,1
Sweatshirt,jacob sartorius,2016,05,0.667,0.492,8,-8.612,1,0.03,0.321,0,0.0744,0.796,95.976,600515,50,0
Bulletproof,citizen,2016,03,0.627,0.929,6,-2.376,0,0.081,0.0349,0,0.281,0.685,114.994,243274,60,0
I Got It,whitney peyton,2019,11,0.775,0.746,5,-5.736,0,0.277,0.0859,0,0.155,0.374,133.833,6549,34,0
LMK_WHAT’S REALLY GOOD REMIX_ FEAT_PRINCESS NOKIA_JUNGLEPUSSY_CUPCAKKE_MS. BOOGIE_100 BPM,kelela,2018,10,0.727,0.623,11,-6.028,1,0.0512,0.0374,0,0.0896,0.224,99.982,203312,57,0
Belong to You (feat. 6LACK),sabrina claudio,2017,10,0.605,0.553,10,-10.845,0,0.101,0.274,0.0152,0.184,0.62,152.076,680520,75,0
Easy,demetria mckinney,2017,10,0.545,0.489,6,-7.81,0,0.34,0.179,0.00011,0.0823,0.157,60.218,14306,31,0
I Am the Moon,the white buffalo,2017,10,0.239,0.158,7,-19.589,1,0.0362,0.597,0.313,0.0945,0.209,129.934,279971,62,0
Always Forever,cults,2013,10,0.174,0.742,8,-5.93,1,0.0485,0.00181,0.281,0.198,0.36,163.378,198057,60,0
Motorways (Erase It),dhani harrison,2019,07,0.412,0.778,5,-7.279,1,0.11,0.0744,0.0227,0.367,0.344,115.012,11863,40,0
Call Me Old-Fashioned,bradley walker,2016,09,0.546,0.605,8,-7.447,1,0.0362,0.558,0,0.148,0.262,141.891,1933,25,0
Gucci Gang,lil pump,2017,10,0.936,0.523,5,-6.71,1,0.0597,0.239,0,0.117,0.699,119.889,6139928,81,1
Brave Man's Death,j roddy walston & the business,2010,07,0.531,0.879,3,-5.541,1,0.0472,0.337,0,0.596,0.791,140.907,51655,45,0
Bloodwork,36 crazyfists,2003,03,0.585,0.931,0,-4.843,1,0.0847,0.00119,2.46e-05,0.115,0.814,160.079,98942,48,0
Pontiac 87,protomartyr,2015,10,0.3,0.782,6,-5.717,0,0.0396,0.0695,0.878,0.547,0.352,146.442,43968,46,0
Song Of Yesterday,black country communion,2010,09,0.363,0.714,9,-8.045,0,0.0479,0.026,0.517,0.295,0.288,156.045,65219,42,0
April Showers,the showers,1996,01,0.47,0.671,7,-13.507,1,0.046,0.0108,0.00051,0.0619,0.719,177.384,528,9,0
Swervin (feat. 6ix9ine),a boogie wit da hoodie,2018,12,0.581,0.662,9,-5.239,1,0.303,0.0153,0,0.111,0.434,93.023,3621167,90,1
Love Me,counterparts,2019,11,0.333,0.874,1,-6.19,1,0.0713,0.0148,0.165,0.177,0.0372,135.032,100575,60,0
Bulls In The Bronx,the bronx,2012,07,0.473,0.932,2,-3.464,1,0.148,0.000524,0.000361,0.101,0.327,159.985,54700,49,0
Heading West,luna,2019,05,0.356,0.0402,0,-25.461,1,0.0435,0.989,0.92,0.118,0.299,69.595,1431165,73,0
"Sorry, you're not a winner/Remix",enter shikari,2007,01,0.383,0.952,1,-5.96,0,0.341,0.155,0.000162,0.0519,0.345,128.877,276234,60,0
Even Then,micah tyler,2017,10,0.625,0.704,6,-6.779,0,0.0395,0.0256,0,0.139,0.441,74.996,49584,56,0
Soldiers,otherwise,2012,07,0.592,0.877,2,-4.05,0,0.0502,0.0095,0.000171,0.131,0.712,117.106,58294,55,0
Baptized In The Rio Grande,sons of texas,2015,03,0.306,0.941,10,-3.706,0,0.139,0.00179,0,0.428,0.446,113.367,17483,38,0
GUY.exe,superfruit,2017,09,0.77,0.732,4,-4.601,0,0.0508,0.0305,0,0.157,0.889,110.011,99555,52,0
Baltimore Blues No. 1,deer tick,2007,09,0.745,0.546,5,-4.5,1,0.0321,0.44,0.00206,0.205,0.425,114.97,110614,51,0
Drinkin' Problem,midland,2017,09,0.622,0.763,9,-6.4,1,0.0263,0.055,8.91e-06,0.315,0.621,102.0,113826,67,1
Dragons (feat. The Lone Bellow),the lone bellow,2019,08,0.713,0.495,7,-7.755,1,0.0307,0.628,4.48e-06,0.107,0.334,120.084,61644,53,0
Baby,ariel pink,2012,08,0.622,0.253,2,-14.36,1,0.0331,0.435,0.471,0.0941,0.336,92.584,207137,62,0
Trusty Chords,hot water music,2002,10,0.302,0.974,2,-4.948,1,0.0653,0.231,0.00478,0.312,0.615,197.14,84813,51,0
Selfish,stephanie quayle,2017,09,0.703,0.538,8,-5.355,1,0.032,0.0502,0.000303,0.114,0.22,88.009,3941,36,0
Love And Happiness,marc broussard,2007,01,0.884,0.469,1,-9.852,0,0.0372,0.0269,0.00111,0.073,0.897,94.345,70748,52,0
Something Wonderful,seaway,2017,09,0.602,0.907,0,-4.578,0,0.0495,0.00015,7.3e-06,0.0812,0.642,116.068,52444,51,0
In a River,rostam,2018,09,0.493,0.438,7,-9.488,1,0.0328,0.393,0.00187,0.225,0.432,78.331,45335,58,0
Me Rehúso,danny ocean,2017,06,0.744,0.804,1,-6.327,1,0.0677,0.0231,0,0.0494,0.426,104.823,1944260,77,0
Dreams Tonite,alvvays,2017,09,0.511,0.622,2,-5.727,1,0.0242,0.0108,4.51e-06,0.127,0.425,99.934,249853,63,0
Empty Pockets,the empty pockets,2015,06,0.788,0.389,4,-8.334,1,0.0304,0.455,0,0.119,0.704,106.087,2316,13,0
Sorry,nothing but thieves,2017,09,0.666,0.776,8,-4.535,0,0.0281,0.0024,4.51e-05,0.134,0.518,128.009,492866,68,0
Freeze Me,death from above 1979,2017,09,0.512,0.724,0,-5.912,1,0.0313,0.000827,0.000144,0.237,0.531,130.037,173815,57,0
Kickback,stray from the path,2019,08,0.399,0.968,1,-2.719,1,0.102,3.48e-05,5.08e-05,0.325,0.149,93.144,63982,54,0
Skin,zola jesus,2011,10,0.351,0.128,8,-17.115,1,0.0392,0.978,0.0558,0.088,0.076,119.936,91736,47,0
Cry for the Moon (The Embrace That Smothers Part 4),epica,2013,03,0.446,0.902,2,-5.328,0,0.0474,0.00681,0.000317,0.0793,0.278,180.049,478437,61,0
Hallucinations,pvris,2019,08,0.635,0.711,11,-4.742,0,0.034,0.044,0.0134,0.105,0.562,107.997,424021,66,0
"Infinite Pattern (Persian Santoor, Swiss Hang Drum and Indian Tabla, World Fusion Improv)",art tawanghar,2019,09,0.683,0.705,2,-10.252,1,0.0588,0.108,0.793,0.112,0.675,160.028,14923,30,0
Youth,daughter,2013,01,0.4,0.525,0,-11.294,1,0.0435,0.887,0.00543,0.117,0.408,146.977,970541,68,0
Super Natural,turnover,2017,08,0.651,0.664,5,-7.929,1,0.0282,0.206,0.202,0.0977,0.559,121.025,160416,65,0
Crackin’ Cold Ones With The Boys,the cadillac three,2019,04,0.602,0.763,2,-5.331,1,0.0478,0.00438,0.00733,0.0875,0.505,131.025,94706,56,0
SUGAR,brockhampton,2019,08,0.453,0.538,1,-8.212,1,0.0638,0.449,0,0.19,0.516,122.973,1046512,81,0
Crazy AF,in real life,2019,08,0.69,0.837,7,-3.487,1,0.055,0.254,0,0.12,0.843,85.996,117382,50,0
Start Wearing Purple,gogol bordello,2005,08,0.622,0.77,9,-3.878,1,0.048,0.197,0,0.101,0.818,98.211,224075,51,0
What It Dew,grieves,2017,08,0.772,0.64,9,-7.403,1,0.0545,0.000524,3.92e-06,0.119,0.402,131.844,95996,53,0
Chucky Cheese,madeintyo,2018,10,0.89,0.542,10,-4.826,0,0.314,0.523,0,0.123,0.565,78.458,864371,78,0
Workin' On Me,lucas hoge,2019,10,0.711,0.552,9,-7.55,1,0.0269,0.0707,0,0.0854,0.698,96.025,13324,36,0
SAD!,xxxtentacion,2018,03,0.74,0.613,8,-4.88,1,0.145,0.258,0.00372,0.123,0.473,75.023,16183057,92,1
Conversation With The Devil,ray wylie hubbard,1999,01,0.71,0.452,7,-8.895,1,0.0417,0.67,0,0.105,0.587,111.88,51925,48,0
Feel It Still,portugal. the man,2017,06,0.801,0.795,1,-5.115,0,0.0504,0.0417,0.000113,0.0717,0.754,79.028,1008418,73,1
Train Inside,emily saliers,2017,08,0.515,0.415,7,-10.209,1,0.0372,0.646,2.36e-05,0.39,0.159,100.107,958,13,0
Cumberland Gap,david rawlings,2017,08,0.594,0.601,0,-8.532,1,0.0391,0.18,0.000539,0.106,0.524,155.583,10957,39,0
Dimetrodon,the doubleclicks,2014,06,0.691,0.473,9,-10.451,1,0.0268,0.206,3.77e-06,0.179,0.46,114.008,4544,26,0
Play Nice,annie leblanc,2019,06,0.744,0.41,2,-8.303,0,0.0621,0.366,0,0.0428,0.729,135.061,536203,56,0
Newman,bloodpop,2019,01,0.74,0.745,4,-5.638,1,0.0409,0.00442,0.571,0.12,0.962,128.008,17314,69,0
"Down Like That (feat. Rick Ross, Lil Baby & S-X)",ksi,2019,11,0.591,0.8,1,-4.956,1,0.286,0.353,0,0.247,0.596,139.473,671484,71,0
